Player,Standard_Nation,Standard_Pos,Standard_Squad,Standard_Age,Standard_MP,Standard_Starts,Standard_Min,Standard_Gls,Standard_Ast,Standard_CrdY,Standard_CrdR,Standard_xG,Standard_xAG,Standard_PrgC,Standard_PrgP,Standard_PrgR,Standard_Gls_1,Standard_Ast_1,Standard_xG_1,Standard_xAG_1,Goalkeeping_GA90,Goalkeeping_Save%,Goalkeeping_CS%,Goalkeeping_Save%_1,Shooting_SoT%,Shooting_SoT/90,Shooting_G/Sh,Shooting_Dist,Passing_Cmp,Passing_Cmp%,Passing_TotDist,Passing_Cmp%_1,Passing_Cmp%_2,Passing_Cmp%_3,Passing_KP,Passing_1/3,Passing_PPA,Passing_CrsPA,Passing_PrgP,GCA_SCA,GCA_SCA90,GCA_GCA,GCA_GCA90,Defense_Tkl,Defense_TklW,Defense_Att,Defense_Lost,Defense_Blocks,Defense_Sh,Defense_Pass,Defense_Int,Possession_Touches,Possession_Def Pen,Possession_Def 3rd,Possession_Mid 3rd,Possession_Att 3rd,Possession_Att Pen,Possession_Att,Possession_Succ%,Possession_Tkld%,Possession_Carries,Possession_TotDist,Possession_PrgDist,Possession_PrgC,Possession_1/3,Possession_CPA,Possession_Mis,Possession_Dis,Possession_Rec,Possession_PrgR,Misc_Fls,Misc_Fld,Misc_Off,Misc_Crs,Misc_Recov,Misc_Won,Misc_Lost,Misc_Won%
Aaron Cresswell,engENG,DF,West Ham,35-110,14,7,589,0,0,2,0,0.1,1.1,4,24,2,0.00,0.00,0.02,0.17,N/a,N/a,N/a,N/a,0.0,0.00,0.00,29.8,355,80.7,6769,90.8,85.9,54.9,7,40,4,1,24,12,1.83,0,0.00,8,4,8,2,7,4,3,6,495,33,196,236,68,1,1,100.0,0.0,200,773,388,4,7,0,3,0,312,2,3,1,0,27,21,7,6,53.8
Aaron Ramsdale,engENG,GK,Southampton,26-325,22,22,"1,980",0,0,2,0,0.0,0.0,0,0,0,0.00,0.00,0.00,0.00,2.32,66.9,9.1,0.0,N/a,0.00,N/a,N/a,605,64.7,16773,100.0,95.8,38.8,0,27,1,0,0,2,0.09,0,0.00,0,0,2,2,0,0,0,2,1000,724,989,13,0,0,0,N/a,N/a,634,3193,1845,0,0,0,0,0,573,0,0,3,0,0,15,4,0,100.0
Aaron Wan-Bissaka,engENG,DF,West Ham,27-129,29,28,"2,524",2,2,1,0,1.0,2.5,90,112,123,0.07,0.07,0.04,0.09,N/a,N/a,N/a,N/a,30.8,0.14,0.15,15.5,1150,80.7,16456,89.4,81.8,47.3,25,83,25,11,112,71,2.53,5,0.18,58,40,23,6,29,8,21,51,1771,122,555,763,480,36,91,51.6,36.3,824,5329,3024,90,52,11,27,18,1026,123,21,21,4,57,144,20,28,41.7
Abdoulaye Doucouré,mlMLI,MF,Everton,32-093,26,25,"2,065",2,1,4,1,3.2,2.0,34,66,77,0.09,0.04,0.14,0.09,N/a,N/a,N/a,N/a,26.1,0.26,0.09,13.7,596,79.5,9030,84.7,82.5,71.4,24,39,13,0,66,47,2.05,2,0.09,39,22,27,18,27,6,21,7,952,29,196,438,332,45,33,54.5,45.5,498,2499,1186,34,21,4,29,29,612,77,40,4,8,20,120,27,32,45.8
Abdukodir Khusanov,uzUZB,DF,Manchester City,21-034,6,6,503,0,0,1,0,0.0,0.1,1,25,2,0.00,0.00,0.00,0.02,N/a,N/a,N/a,N/a,0.0,0.00,0.00,23.9,360,91.1,6126,94.7,97.0,26.1,2,23,0,0,25,5,0.89,0,0.00,5,4,3,1,5,4,1,3,445,45,205,211,31,1,2,0.0,100.0,274,1155,435,1,1,0,2,1,332,2,3,3,0,1,27,6,4,60.0
Abdul Fatawu Issahaku,ghGHA,FW,Leicester City,21-027,11,6,579,0,2,0,0,0.4,1.6,42,17,60,0.00,0.31,0.06,0.24,N/a,N/a,N/a,N/a,38.5,0.78,0.00,31.2,123,62.4,2150,72.8,76.3,48.5,6,7,7,2,17,17,2.64,3,0.47,21,15,19,8,7,0,7,4,326,19,73,114,157,26,69,42.0,40.6,217,1869,1055,42,24,15,18,12,216,60,11,20,2,30,38,14,13,51.9
Adam Armstrong,engENG,"FW,MF",Southampton,28-053,20,15,"1,248",2,2,4,0,3.3,1.2,25,21,79,0.14,0.14,0.24,0.09,N/a,N/a,N/a,N/a,28.0,0.50,0.08,16.6,231,80.2,3320,87.3,85.3,46.2,9,10,8,2,21,19,1.37,4,0.29,12,3,14,11,6,1,5,3,377,11,44,143,192,49,14,42.9,57.1,235,1324,599,25,13,6,11,18,286,79,12,5,9,14,23,5,9,35.7
Adam Lallana,engENG,MF,Southampton,36-329,14,5,361,0,2,4,0,0.2,0.9,6,24,10,0.00,0.50,0.04,0.23,N/a,N/a,N/a,N/a,0.0,0.00,0.00,18.1,221,85.0,2891,89.1,91.0,44.4,4,21,9,3,24,9,2.24,2,0.50,8,5,12,10,4,1,3,5,318,19,91,155,73,6,12,41.7,41.7,178,831,366,6,8,0,10,6,245,10,8,8,0,4,19,2,2,50.0
Adam Smith,engENG,DF,Bournemouth,33-340,18,13,"1,080",0,0,4,0,0.6,0.2,10,32,17,0.00,0.00,0.05,0.01,N/a,N/a,N/a,N/a,0.0,0.00,0.00,10.2,331,75.6,5419,86.7,79.7,35.1,4,32,4,2,32,13,1.08,1,0.08,18,9,20,10,10,3,7,12,541,30,178,244,123,3,11,36.4,36.4,231,877,428,10,13,0,10,5,244,17,9,9,0,23,37,9,12,42.9
Adam Webster,engENG,DF,Brighton,30-090,11,8,617,0,0,0,0,0.0,0.5,7,40,2,0.00,0.00,0.00,0.07,N/a,N/a,N/a,N/a,100.0,0.15,0.00,15.3,429,85.6,7934,95.5,91.8,50.6,3,32,2,0,40,10,1.46,3,0.44,8,5,11,6,12,9,3,14,569,84,279,271,22,8,3,33.3,66.7,326,1927,1142,7,2,0,3,1,384,2,5,2,1,1,20,17,4,81.0
Adam Wharton,engENG,MF,Crystal Palace,20-306,14,11,928,0,0,2,0,0.3,2.0,10,94,10,0.00,0.00,0.03,0.19,N/a,N/a,N/a,N/a,50.0,0.48,0.00,25.0,423,77.3,7986,82.8,82.6,65.9,20,64,17,5,94,48,4.66,4,0.39,31,12,35,21,9,1,8,14,657,19,144,354,162,7,8,12.5,87.5,323,1492,768,10,15,2,10,11,406,10,8,17,0,25,74,7,15,31.8
Adama Traoré,esESP,"FW,MF",Fulham,29-069,28,16,"1,473",2,5,2,0,3.8,4.1,80,55,135,0.12,0.31,0.23,0.25,N/a,N/a,N/a,N/a,31.4,0.67,0.06,14.3,354,71.8,5555,80.4,73.9,56.8,32,30,26,14,55,66,4.03,8,0.49,15,10,13,8,6,0,6,1,672,2,68,241,383,82,82,48.8,39.0,458,3813,2095,80,39,32,29,18,517,135,19,28,1,82,71,23,22,51.1
Albert Grønbaek,dkDEN,"FW,MF",Southampton,23-316,4,2,143,0,0,0,0,0.1,0.0,1,1,3,0.00,0.00,0.07,0.01,N/a,N/a,N/a,N/a,0.0,0.00,0.00,22.4,13,72.2,135,81.8,50.0,N/a,1,2,0,0,1,2,1.26,0,0.00,4,1,10,7,1,1,0,0,38,2,9,14,15,2,4,0.0,100.0,18,79,15,1,0,1,5,4,21,3,0,1,0,1,6,2,0,100.0
Alejandro Garnacho,arARG,"MF,FW",Manchester Utd,20-277,29,18,"1,732",4,1,2,0,6.0,2.8,108,45,234,0.21,0.05,0.31,0.14,N/a,N/a,N/a,N/a,36.8,1.30,0.06,16.8,509,79.5,7199,89.7,81.7,59.5,26,19,19,3,45,60,3.12,4,0.21,22,15,25,17,16,0,16,10,911,13,105,298,522,134,71,28.2,63.4,659,4957,2505,108,56,54,48,39,693,234,8,33,9,41,92,3,20,13.0
Alex Iwobi,ngNGA,"FW,MF",Fulham,28-336,30,28,"2,382",7,4,1,0,3.9,6.1,113,168,199,0.26,0.15,0.15,0.23,N/a,N/a,N/a,N/a,41.5,0.83,0.13,18.1,914,74.8,15825,86.4,77.5,56.6,50,92,67,12,168,107,4.04,13,0.49,34,19,25,10,21,1,20,9,1490,29,204,598,712,96,79,50.6,44.3,1063,6366,3479,113,87,33,51,35,1168,199,15,16,3,94,112,4,27,12.9
Alex McCarthy,engENG,GK,Southampton,35-122,5,5,450,0,0,0,0,0.0,0.0,0,0,0,0.00,0.00,0.00,0.00,2.60,70.3,0.0,0.0,N/a,0.00,N/a,N/a,117,75.0,2823,95.3,91.8,49.2,0,5,0,0,0,0,0.00,0,0.00,0,0,0,0,0,0,0,0,173,141,173,0,0,0,0,N/a,N/a,100,452,276,0,0,0,0,0,88,0,0,1,0,0,4,2,0,100.0
Alex Palmer,engENG,GK,Ipswich Town,28-237,6,6,540,0,0,0,0,0.0,0.0,0,1,0,0.00,0.00,0.00,0.00,2.33,58.8,0.0,N/a,N/a,0.00,N/a,N/a,126,70.8,3492,92.6,100.0,43.2,1,3,0,0,1,1,0.17,0,0.00,0,0,0,0,0,0,0,0,206,165,202,4,0,0,0,N/a,N/a,89,485,302,0,0,0,0,0,68,0,0,0,0,0,12,3,0,100.0
Alex Scott,engENG,MF,Bournemouth,21-226,13,3,437,0,0,1,0,0.5,0.3,9,44,22,0.00,0.00,0.10,0.06,N/a,N/a,N/a,N/a,44.4,0.82,0.00,18.6,194,85.5,3162,89.8,91.0,68.4,7,32,4,0,44,21,4.32,2,0.41,22,11,27,12,9,1,8,9,324,14,61,172,96,13,22,22.7,50.0,184,943,432,9,5,1,14,6,200,22,7,17,0,1,36,4,6,40.0
Alexander Isak,seSWE,FW,Newcastle Utd,25-195,26,26,"2,117",20,5,1,0,16.1,3.8,67,65,169,0.85,0.21,0.69,0.16,N/a,N/a,N/a,N/a,45.7,1.36,0.26,14.3,401,73.7,5620,83.1,77.9,61.3,36,31,17,0,65,77,3.28,13,0.55,12,5,12,7,17,2,15,3,817,18,50,305,474,147,79,49.4,49.4,493,3035,1543,67,36,38,54,48,576,169,24,11,19,11,45,21,42,33.3
Alexis Mac Allister,arARG,MF,Liverpool,26-101,29,26,"2,201",3,3,6,0,2.3,4.1,30,152,62,0.12,0.12,0.10,0.17,N/a,N/a,N/a,N/a,30.0,0.37,0.10,17.8,1082,84.3,17187,89.8,89.1,61.3,34,106,32,1,152,101,4.13,12,0.49,79,49,85,39,52,5,47,19,1567,48,244,813,523,49,36,36.1,52.8,780,3253,1704,30,37,3,24,19,1053,62,53,35,2,55,120,16,25,39.0
Ali Al Hamadi,iqIRQ,FW,Ipswich Town,23-034,11,0,134,0,0,3,0,0.4,0.1,4,3,14,0.00,0.00,0.24,0.05,N/a,N/a,N/a,N/a,0.0,0.00,0.00,15.7,25,83.3,278,87.0,71.4,N/a,2,0,0,0,3,8,5.37,0,0.00,1,0,2,2,0,0,0,0,53,2,6,20,30,9,7,57.1,42.9,29,187,111,4,3,4,7,4,36,14,8,3,1,0,4,5,9,35.7
Alisson,brBRA,GK,Liverpool,32-184,21,21,"1,878",0,0,0,0,0.0,0.6,0,0,0,0.00,0.00,0.00,0.03,0.86,71.9,38.1,N/a,N/a,0.00,N/a,N/a,538,83.4,11965,98.8,98.6,48.7,1,10,0,0,0,6,0.29,1,0.05,1,0,1,1,0,0,0,0,682,499,668,14,0,0,1,100.0,0.0,447,1803,1063,0,0,0,1,0,407,0,0,1,0,0,36,5,0,100.0
Alphonse Areola,frFRA,GK,West Ham,32-036,19,18,"1,630",0,0,0,0,0.0,0.0,0,0,0,0.00,0.00,0.00,0.00,1.66,62.5,22.2,N/a,N/a,0.00,N/a,N/a,510,70.5,13902,99.0,95.0,45.3,0,7,0,0,0,3,0.17,0,0.00,2,2,3,1,0,0,0,0,765,616,759,6,0,0,0,N/a,N/a,426,1752,911,0,0,0,0,0,394,0,0,0,0,0,22,2,0,100.0
Amad Diallo,ciCIV,"FW,MF",Manchester Utd,22-267,22,17,"1,594",6,6,3,0,4.1,3.9,92,53,159,0.34,0.34,0.23,0.22,N/a,N/a,N/a,N/a,32.5,0.73,0.15,17.7,658,82.9,9051,90.4,85.3,52.4,39,25,29,5,53,80,4.52,16,0.90,33,26,26,11,10,0,10,11,1012,13,150,374,504,109,72,50.0,44.4,656,4482,2294,92,46,52,35,32,714,159,19,23,9,38,93,9,15,37.5
Amadou Onana,beBEL,MF,Aston Villa,23-231,18,14,"1,105",2,0,4,0,1.8,0.2,13,37,10,0.16,0.00,0.15,0.01,N/a,N/a,N/a,N/a,28.6,0.33,0.14,13.8,477,88.2,7426,94.5,89.5,74.1,5,34,5,1,37,17,1.38,2,0.16,38,22,21,10,13,6,7,19,680,49,189,401,103,15,15,66.7,20.0,369,1749,838,13,15,0,8,7,449,10,26,18,0,1,58,20,14,58.8
Andreas Pereira,brBRA,MF,Fulham,29-093,27,19,"1,601",2,4,7,0,3.3,3.7,21,94,68,0.11,0.22,0.19,0.21,N/a,N/a,N/a,N/a,26.7,0.45,0.07,21.9,575,69.9,10424,83.2,79.3,41.6,48,58,19,4,94,90,5.06,8,0.45,22,12,37,27,15,2,13,7,968,16,137,407,438,31,26,42.3,26.9,495,2270,1086,21,30,6,19,18,580,68,21,21,1,135,85,10,17,37.0
Andrew Robertson,sctSCO,DF,Liverpool,31-024,28,25,"2,106",0,0,3,1,0.9,4.1,54,158,87,0.00,0.00,0.04,0.18,N/a,N/a,N/a,N/a,18.2,0.09,0.00,14.7,1359,83.5,22802,94.7,87.2,47.3,38,135,26,15,158,70,2.99,3,0.13,36,21,45,16,9,4,5,20,1801,78,451,825,538,43,15,40.0,53.3,969,4282,2451,54,46,4,21,10,1213,87,10,7,1,129,87,4,11,26.7
André,brBRA,MF,Wolves,23-262,25,23,"1,817",0,0,5,0,0.3,0.6,7,76,10,0.00,0.00,0.01,0.03,N/a,N/a,N/a,N/a,14.3,0.05,0.00,22.5,876,92.7,14046,95.3,95.6,78.9,11,84,3,0,76,35,1.73,2,0.10,60,40,48,21,36,8,28,25,1148,77,315,738,103,2,21,47.6,33.3,619,2635,1189,7,13,0,19,12,770,10,28,27,0,0,136,2,6,25.0
André Onana,cmCMR,GK,Manchester Utd,29-002,30,30,"2,700",0,0,0,0,0.0,0.2,0,1,0,0.00,0.00,0.00,0.01,1.37,68.6,26.7,25.0,N/a,0.00,N/a,N/a,846,73.0,20073,99.0,99.2,36.2,1,23,0,0,1,4,0.13,0,0.00,1,1,3,2,0,0,0,0,1220,919,1199,22,0,0,0,N/a,N/a,865,4411,2469,0,0,0,1,0,752,0,0,2,0,0,28,6,0,100.0
Andrés García,esESP,"DF,MF",Aston Villa,22-056,5,4,267,0,0,0,0,0.0,0.1,22,12,19,0.00,0.00,0.01,0.03,N/a,N/a,N/a,N/a,0.0,0.00,0.00,26.6,138,85.2,2073,92.7,88.3,50.0,2,7,6,4,12,2,0.67,0,0.00,7,5,6,3,2,0,2,0,208,6,30,86,93,2,16,31.3,62.5,124,982,538,22,12,2,8,6,133,19,1,0,0,16,11,0,4,0.0
Andy Irving,sctSCO,MF,West Ham,24-326,10,1,166,0,0,2,0,0.1,0.2,0,9,4,0.00,0.00,0.06,0.13,N/a,N/a,N/a,N/a,50.0,1.08,0.00,26.2,109,87.9,1705,95.3,83.7,100.0,1,14,1,1,9,5,2.68,0,0.00,7,4,5,4,5,1,4,1,150,7,37,89,24,0,1,100.0,0.0,73,305,137,0,1,0,1,3,104,4,6,1,0,2,10,1,1,50.0
Anthony Elanga,seSWE,"FW,MF",Nott'ham Forest,22-342,30,24,"1,930",6,8,1,0,3.8,4.3,78,45,156,0.28,0.37,0.18,0.20,N/a,N/a,N/a,N/a,47.1,0.75,0.18,16.9,397,64.6,5767,83.9,62.9,34.0,39,24,22,6,45,80,3.73,13,0.61,17,12,15,11,8,1,7,5,851,29,121,237,508,83,69,31.9,43.5,446,3480,1984,78,39,34,62,32,559,156,6,32,11,139,73,19,30,38.8
Anthony Gordon,engENG,FW,Newcastle Utd,24-039,26,25,"2,108",6,5,2,0,7.8,4.9,104,88,187,0.26,0.21,0.34,0.21,N/a,N/a,N/a,N/a,28.8,0.64,0.10,16.2,612,72.0,9404,85.3,76.9,40.5,49,56,49,16,88,96,4.10,12,0.51,28,17,32,21,24,2,22,6,1100,16,110,413,595,122,93,37.6,45.2,710,5230,2813,104,52,54,28,34,787,187,19,58,7,116,88,5,7,41.7
Antoine Semenyo,ghGHA,FW,Bournemouth,25-087,29,29,"2,555",7,4,9,0,8.7,5.2,117,89,233,0.25,0.14,0.31,0.18,N/a,N/a,N/a,N/a,30.8,1.16,0.07,17.0,629,72.5,9011,84.5,74.9,37.1,39,41,39,7,89,106,3.73,10,0.35,48,30,40,26,54,7,47,7,1308,34,157,449,732,164,112,51.8,42.0,781,5875,2889,117,56,60,70,63,912,233,61,31,14,48,129,54,62,46.6
Antonee Robinson,usUSA,DF,Fulham,27-239,30,29,"2,629",0,10,7,0,0.7,4.0,102,105,237,0.00,0.34,0.02,0.14,N/a,N/a,N/a,N/a,12.5,0.07,0.00,22.1,1367,76.8,23283,86.7,79.1,55.9,38,101,50,26,105,71,2.43,11,0.38,79,51,78,38,33,5,28,50,2137,111,664,828,677,57,71,45.1,39.4,1139,6195,3602,102,51,25,34,16,1288,237,28,17,5,145,126,41,22,65.1
Antony,brBRA,"DF,MF",Manchester Utd,25-039,8,0,141,0,0,0,0,1.0,0.1,5,6,7,0.00,0.00,0.65,0.08,N/a,N/a,N/a,N/a,50.0,1.91,0.00,15.8,56,81.2,688,88.2,64.3,100.0,3,1,5,2,6,8,5.11,0,0.00,6,3,5,3,2,0,2,2,101,2,22,26,54,8,11,36.4,54.5,60,317,182,5,6,1,5,1,69,7,2,5,0,5,11,0,1,0.0
Antonín Kinský,czCZE,GK,Tottenham,22-022,4,4,360,0,0,0,0,0.0,0.1,1,1,0,0.00,0.00,0.00,0.02,1.75,56.3,25.0,N/a,N/a,0.00,N/a,N/a,116,80.0,2699,100.0,96.1,47.9,1,2,0,0,1,1,0.25,0,0.00,3,1,1,0,0,0,0,0,156,134,154,2,0,0,0,N/a,N/a,97,444,267,1,0,0,0,0,98,0,0,0,0,0,4,2,0,100.0
Archie Gray,engENG,"DF,MF",Tottenham,19-023,21,13,"1,245",0,0,0,0,0.0,0.1,4,27,7,0.00,0.00,0.00,0.01,N/a,N/a,N/a,N/a,100.0,0.07,0.00,24.6,842,89.7,14981,92.8,94.0,62.8,2,30,0,0,27,5,0.36,0,0.00,12,6,16,10,18,10,8,8,1039,133,523,468,57,1,8,50.0,37.5,737,3334,1383,4,5,0,6,8,792,7,9,11,0,8,52,9,8,52.9
Arijanet Muric,xkKVX,GK,Ipswich Town,26-148,18,18,"1,620",0,0,1,0,0.0,0.0,0,1,0,0.00,0.00,0.00,0.00,1.83,70.0,5.6,0.0,N/a,0.00,N/a,N/a,454,71.7,11705,100.0,97.3,40.6,0,14,0,0,1,1,0.06,0,0.00,0,0,2,2,0,0,0,0,689,559,672,18,0,0,0,N/a,N/a,405,2088,1178,0,0,0,3,1,321,0,0,4,0,0,26,11,1,91.7
Armando Broja,alALB,FW,Everton,23-206,7,2,183,0,0,1,0,0.1,0.1,10,2,17,0.00,0.00,0.06,0.06,N/a,N/a,N/a,N/a,0.0,0.00,0.00,17.3,31,77.5,401,83.3,88.9,66.7,2,2,0,0,2,4,1.98,0,0.00,2,1,0,0,3,0,3,0,76,3,9,22,49,13,12,50.0,41.7,38,453,245,10,6,3,8,8,53,17,4,3,3,1,5,10,11,47.6
Armel Bella Kotchap,deGER,DF,Southampton,23-114,4,2,331,0,0,0,0,0.3,0.0,0,5,0,0.00,0.00,0.09,0.00,N/a,N/a,N/a,N/a,0.0,0.00,0.00,9.1,202,90.2,3829,98.5,96.7,55.2,0,6,0,0,5,2,0.54,0,0.00,7,5,6,3,2,2,0,5,263,33,147,115,3,1,1,0.0,100.0,186,936,326,0,0,0,1,0,192,0,3,2,0,0,19,6,5,54.5
Ashley Young,engENG,"DF,FW",Everton,39-269,26,17,"1,570",1,3,6,1,0.3,1.6,19,81,25,0.06,0.17,0.02,0.09,N/a,N/a,N/a,N/a,50.0,0.17,0.17,24.5,590,69.7,10852,87.6,75.7,40.7,19,68,17,8,81,36,2.06,6,0.34,48,27,47,18,10,3,7,22,1008,48,308,429,276,9,14,35.7,50.0,397,2047,1176,19,24,1,6,1,513,25,24,17,0,63,60,10,10,50.0
Axel Disasi,frFRA,DF,Aston Villa,27-024,5,4,370,0,0,2,0,0.1,0.4,8,12,5,0.00,0.00,0.02,0.09,N/a,N/a,N/a,N/a,0.0,0.00,0.00,7.7,193,86.9,3251,94.3,91.2,53.8,2,11,3,0,12,6,1.46,0,0.00,4,2,2,2,4,1,3,5,268,30,104,142,24,6,13,53.8,46.2,166,971,475,8,7,2,2,2,180,5,2,2,2,1,12,7,6,53.8
Axel Disasi,frFRA,DF,Aston Villa,27-024,5,4,370,0,0,2,0,0.1,0.4,8,12,5,0.00,0.00,0.02,0.09,N/a,N/a,N/a,N/a,0.0,0.00,0.00,7.7,193,86.9,3251,94.3,91.2,53.8,2,11,3,0,12,6,1.46,0,0.00,4,2,2,2,4,1,3,5,268,30,104,142,24,6,13,53.8,46.2,166,971,475,8,7,2,2,2,180,5,2,2,2,1,12,7,6,53.8
Axel Tuanzebe,cdCOD,DF,Ipswich Town,27-141,15,14,"1,185",0,1,5,1,0.2,0.3,7,42,7,0.00,0.08,0.02,0.02,N/a,N/a,N/a,N/a,0.0,0.00,0.00,15.7,465,83.5,7021,90.7,83.2,53.1,4,43,1,0,42,9,0.68,1,0.08,24,13,20,7,12,5,7,18,671,62,285,296,96,6,8,50.0,50.0,295,1289,599,7,6,1,9,1,358,7,12,10,0,6,36,10,12,45.5
Ayden Heaven,engENG,DF,Manchester Utd,18-194,2,1,95,0,0,0,0,0.0,0.0,1,2,1,0.00,0.00,0.00,0.00,N/a,N/a,N/a,N/a,N/a,0.00,N/a,N/a,40,81.6,695,82.4,88.9,33.3,0,2,0,0,2,2,1.89,0,0.00,3,3,2,0,2,2,0,1,67,21,42,23,3,1,2,100.0,0.0,42,245,122,1,1,0,2,1,40,1,2,3,0,0,4,1,2,33.3
Bart Verbruggen,nlNED,GK,Brighton,22-229,28,28,"2,520",0,1,5,0,0.0,0.0,0,2,0,0.00,0.04,0.00,0.00,1.57,65.4,21.4,0.0,N/a,0.00,N/a,N/a,803,77.4,19008,99.1,97.9,46.1,1,14,1,0,2,5,0.18,1,0.04,0,0,2,2,1,0,1,0,1102,896,1091,11,0,0,2,100.0,0.0,735,2682,1326,0,1,1,2,0,710,0,0,2,0,0,51,9,1,90.0
Ben Brereton,clCHI,FW,Southampton,25-351,10,4,449,0,0,1,0,0.9,0.1,12,9,42,0.00,0.00,0.18,0.02,N/a,N/a,N/a,N/a,9.1,0.20,0.00,17.3,128,77.1,1836,87.4,67.9,63.6,3,9,2,1,9,9,1.80,0,0.00,3,2,9,8,2,1,1,0,206,4,19,76,112,20,4,25.0,50.0,136,791,394,12,13,4,9,4,171,42,4,8,1,5,16,9,7,56.3
Ben Davies,wlsWAL,DF,Tottenham,31-345,9,8,721,0,0,2,0,0.2,0.1,6,34,4,0.00,0.00,0.02,0.01,N/a,N/a,N/a,N/a,33.3,0.12,0.00,14.2,508,89.1,9462,93.3,94.1,69.1,1,31,1,0,34,3,0.37,0,0.00,8,4,9,5,16,11,5,9,671,123,349,292,30,8,1,100.0,0.0,380,1896,1098,6,5,0,2,0,445,4,8,3,0,2,24,35,28,55.6
Ben Godfrey,engENG,DF,Ipswich Town,27-079,2,2,108,0,0,1,0,0.0,0.0,2,4,1,0.00,0.00,0.00,0.00,N/a,N/a,N/a,N/a,N/a,0.00,N/a,N/a,46,83.6,632,90.9,88.2,N/a,0,5,1,0,4,1,0.83,0,0.00,0,0,0,0,1,1,0,2,63,3,22,32,9,1,0,N/a,N/a,33,202,79,2,2,0,2,1,40,1,1,0,0,0,2,2,0,100.0
Ben Johnson,engENG,"DF,FW",Ipswich Town,25-070,18,10,"1,042",0,1,3,0,0.9,0.6,13,20,23,0.00,0.09,0.08,0.06,N/a,N/a,N/a,N/a,33.3,0.17,0.00,13.7,254,72.2,4008,87.1,76.4,45.0,7,19,1,1,20,18,1.56,4,0.35,30,19,35,19,15,5,10,12,516,50,205,182,132,9,19,36.8,52.6,214,1254,509,13,10,3,20,14,240,23,21,6,1,25,44,14,11,56.0
Ben Mee,engENG,DF,Brentford,35-195,7,2,183,0,0,2,0,0.0,0.0,3,11,2,0.00,0.00,0.00,0.00,N/a,N/a,N/a,N/a,N/a,0.00,N/a,N/a,93,77.5,1751,89.5,85.0,40.0,0,10,0,0,11,0,0.00,0,0.00,2,2,1,0,3,3,0,4,138,18,66,62,11,3,0,N/a,N/a,78,404,274,3,1,1,0,0,86,2,5,0,0,0,11,5,5,50.0
Ben White,engENG,DF,Arsenal,27-178,11,7,706,0,1,2,0,0.2,0.4,5,32,18,0.00,0.13,0.02,0.06,N/a,N/a,N/a,N/a,20.0,0.13,0.00,21.8,307,83.4,5011,91.3,85.9,43.8,3,29,6,1,32,9,1.15,1,0.13,10,6,21,12,7,6,1,11,437,38,139,197,103,9,2,0.0,50.0,202,731,363,5,8,1,7,3,260,18,7,3,1,8,20,10,3,76.9
Benoît Badiashile,frFRA,DF,Chelsea,24-009,5,3,334,0,0,0,0,0.0,0.0,3,17,2,0.00,0.00,0.00,0.00,N/a,N/a,N/a,N/a,N/a,0.00,N/a,N/a,273,89.8,4820,93.3,93.8,65.6,0,37,1,0,17,0,0.00,0,0.00,9,6,5,1,2,2,0,6,336,31,138,186,13,0,1,0.0,100.0,177,660,340,3,5,0,1,0,247,2,6,2,0,0,18,8,2,80.0
Bernardo Silva,ptPOR,"MF,FW",Manchester City,30-237,26,22,"2,041",2,4,5,0,3.0,4.2,82,97,169,0.09,0.18,0.13,0.18,N/a,N/a,N/a,N/a,33.3,0.40,0.07,13.0,1093,86.2,16494,91.7,87.1,65.0,41,57,26,7,97,74,3.26,7,0.31,39,26,45,24,23,5,18,17,1464,32,247,560,670,125,52,46.2,42.3,913,5949,3022,82,48,30,17,27,1082,169,19,23,3,48,73,3,8,27.3
Bernd Leno,deGER,GK,Fulham,33-031,30,30,"2,700",0,1,3,0,0.0,0.1,0,0,0,0.00,0.03,0.00,0.00,1.33,68.3,16.7,0.0,N/a,0.00,N/a,N/a,918,81.0,22237,99.5,98.9,46.2,2,14,2,0,0,5,0.17,2,0.07,2,2,2,0,1,0,1,0,1188,939,1179,9,0,0,0,N/a,N/a,785,3087,1728,0,0,0,0,0,711,0,0,3,0,0,43,8,0,100.0
Beto,gwGNB,FW,Everton,27-063,22,9,"1,010",6,0,2,0,6.1,0.7,12,8,52,0.53,0.00,0.54,0.06,N/a,N/a,N/a,N/a,51.5,1.51,0.18,13.3,102,58.0,1416,67.0,53.7,85.7,7,4,2,0,8,16,1.42,0,0.00,11,5,6,2,5,1,4,3,349,19,34,154,166,56,29,51.7,44.8,189,963,368,12,8,7,46,27,255,52,24,15,12,2,24,64,81,44.1
Bilal El Khannouss,maMAR,MF,Leicester City,20-329,25,20,"1,585",2,1,3,0,0.7,2.3,51,99,67,0.11,0.06,0.04,0.13,N/a,N/a,N/a,N/a,21.1,0.23,0.11,23.2,607,75.4,10766,85.6,80.3,59.0,24,67,22,4,99,43,2.44,2,0.11,42,22,20,8,17,3,14,5,953,10,128,505,328,25,40,60.0,37.5,544,3179,1446,51,32,7,29,25,644,67,24,8,0,56,61,18,14,56.3
Billy Gilmour,sctSCO,MF,Brighton,23-297,2,1,98,0,0,0,0,0.1,0.0,2,11,2,0.00,0.00,0.07,0.00,N/a,N/a,N/a,N/a,0.0,0.00,0.00,25.5,58,86.6,980,94.7,81.8,57.1,0,12,2,0,11,3,2.76,0,0.00,3,3,4,1,1,0,1,0,73,2,14,46,13,0,2,50.0,50.0,44,210,117,2,0,0,0,0,58,2,2,3,0,1,5,0,0,N/a
Bobby Reid,jmJAM,"FW,MF",Leicester City,32-061,20,7,639,1,2,2,0,0.8,1.2,12,14,40,0.14,0.28,0.11,0.17,N/a,N/a,N/a,N/a,50.0,0.42,0.17,26.4,134,70.5,1736,81.2,76.6,28.6,6,8,5,0,14,12,1.69,3,0.42,8,3,13,10,6,1,5,0,250,13,44,105,101,13,8,0.0,75.0,156,706,332,12,4,4,11,9,175,40,8,9,3,15,24,5,13,27.8
Boubacar Kamara,frFRA,MF,Aston Villa,25-132,18,14,"1,171",0,0,2,0,0.3,0.4,15,64,3,0.00,0.00,0.02,0.03,N/a,N/a,N/a,N/a,20.0,0.08,0.00,20.1,603,89.5,9437,93.8,91.7,52.4,7,66,7,0,64,18,1.38,2,0.15,43,18,47,21,15,5,10,13,812,81,256,467,94,6,22,36.4,31.8,420,2048,975,15,10,1,6,9,542,3,19,24,0,1,61,14,16,46.7
Boubakary Soumaré,frFRA,MF,Leicester City,26-036,23,19,"1,638",0,0,8,0,0.2,0.4,29,79,20,0.00,0.00,0.01,0.02,N/a,N/a,N/a,N/a,0.0,0.00,0.00,23.7,815,86.4,12338,92.6,86.4,70.5,10,72,12,2,79,33,1.81,3,0.16,30,15,26,10,14,6,8,21,1099,50,295,684,132,14,40,65.0,25.0,650,3065,1637,29,13,2,18,20,765,20,19,16,0,8,116,16,8,66.7
Brajan Gruda,deGER,"FW,MF",Brighton,20-308,14,6,470,0,1,0,0,0.3,0.6,15,15,44,0.00,0.19,0.06,0.12,N/a,N/a,N/a,N/a,66.7,0.38,0.00,18.6,121,73.3,1585,84.0,71.1,35.0,11,5,9,1,15,22,4.20,2,0.38,13,5,14,7,8,0,8,2,229,4,29,76,125,27,19,36.8,42.1,132,943,436,15,16,9,7,20,150,44,5,8,1,17,17,2,4,33.3
Brennan Johnson,wlsWAL,FW,Tottenham,23-316,27,20,"1,789",9,2,5,0,9.2,2.0,53,59,171,0.45,0.10,0.46,0.10,N/a,N/a,N/a,N/a,36.7,0.91,0.18,11.4,383,71.6,5021,80.5,76.4,38.1,17,23,28,5,59,44,2.21,6,0.30,37,24,29,14,20,2,18,4,725,15,77,248,411,113,36,44.4,47.2,449,2502,1285,53,18,31,23,15,523,171,21,19,6,42,52,7,19,26.9
Bruno Fernandes,ptPOR,MF,Manchester Utd,30-208,29,29,"2,465",8,9,4,2,8.7,6.4,59,242,110,0.29,0.33,0.32,0.23,N/a,N/a,N/a,N/a,30.7,0.84,0.07,21.7,1348,74.9,23682,86.4,80.0,52.5,72,163,57,9,242,145,5.29,12,0.44,68,41,69,42,28,4,24,21,2126,52,352,1006,789,67,57,38.6,50.9,1234,5812,3080,59,51,9,34,30,1486,110,25,34,2,154,172,18,25,41.9
Bruno Guimarães,brBRA,MF,Newcastle Utd,27-139,29,29,"2,513",3,6,4,0,2.8,5.2,43,206,68,0.11,0.21,0.10,0.19,N/a,N/a,N/a,N/a,22.6,0.25,0.10,17.1,1131,82.1,18658,90.4,87.4,58.6,39,140,54,4,206,95,3.41,16,0.57,60,35,57,30,29,9,20,25,1700,65,370,883,465,49,61,42.6,31.1,1117,6175,2691,43,35,7,46,68,1275,68,44,93,2,17,139,14,13,51.9
Bryan Mbeumo,cmCMR,FW,Brentford,25-240,30,30,"2,694",16,5,2,0,9.8,6.7,101,113,281,0.53,0.17,0.33,0.22,N/a,N/a,N/a,N/a,45.0,0.90,0.18,17.8,700,67.3,11157,79.8,73.4,36.5,53,45,50,14,113,113,3.78,15,0.50,34,20,21,8,21,3,18,13,1399,44,197,446,780,122,84,45.2,42.9,842,5329,2787,101,58,58,79,37,951,281,19,32,10,153,123,29,60,32.6
Bukayo Saka,engENG,"FW,MF",Arsenal,23-211,17,16,"1,293",6,10,3,0,5.0,5.8,72,54,198,0.42,0.70,0.35,0.40,N/a,N/a,N/a,N/a,39.1,1.25,0.11,15.6,414,74.6,6463,89.6,73.2,48.1,42,11,29,10,54,90,6.26,21,1.46,22,13,19,10,16,0,16,2,744,6,40,166,544,117,74,44.6,40.5,471,3233,1860,72,20,37,24,35,535,198,13,33,4,100,57,8,17,32.0
Caleb Okoli,itITA,DF,Leicester City,23-265,17,11,"1,034",0,0,3,0,0.1,0.0,3,30,2,0.00,0.00,0.01,0.00,N/a,N/a,N/a,N/a,33.3,0.09,0.00,16.4,511,86.8,8841,91.9,91.0,54.1,0,19,0,0,30,4,0.35,0,0.00,24,13,17,7,22,12,10,14,733,142,412,297,27,8,0,N/a,N/a,419,2070,970,3,2,0,10,2,436,2,15,9,0,1,39,20,21,48.8
Callum Hudson-Odoi,engENG,"FW,MF",Nott'ham Forest,24-148,25,22,"1,894",5,2,2,0,2.2,2.4,107,59,170,0.24,0.10,0.10,0.11,N/a,N/a,N/a,N/a,45.5,0.71,0.15,18.6,590,82.3,8466,92.6,80.5,50.7,37,27,27,9,59,81,3.85,11,0.52,17,12,13,5,10,0,10,13,886,14,99,269,540,62,54,55.6,29.6,552,4531,2868,107,52,37,42,22,672,170,11,19,7,68,81,2,10,16.7
Callum Wilson,engENG,FW,Newcastle Utd,33-036,9,1,188,0,0,1,0,0.3,0.1,4,3,5,0.00,0.00,0.16,0.03,N/a,N/a,N/a,N/a,0.0,0.00,0.00,15.0,23,74.2,305,80.0,81.8,N/a,1,1,0,0,3,6,2.87,0,0.00,2,2,1,1,2,0,2,1,54,1,4,33,20,11,5,20.0,40.0,27,176,86,4,3,4,4,6,29,5,2,1,1,0,9,1,10,9.1
Calvin Bassey,ngNGA,DF,Fulham,25-094,28,27,"2,444",1,0,5,0,1.0,0.1,22,89,11,0.04,0.00,0.04,0.00,N/a,N/a,N/a,N/a,30.8,0.15,0.08,15.0,1548,89.6,27327,94.5,94.1,62.0,2,112,1,0,89,17,0.63,2,0.07,44,26,26,7,33,16,17,15,1967,258,955,927,103,15,25,44.0,36.0,1262,6260,3506,22,14,3,27,7,1366,11,17,28,2,4,132,33,29,53.2
Cameron Archer,engENG,FW,Southampton,23-257,27,11,"1,182",2,0,0,0,4.9,0.3,16,12,55,0.15,0.00,0.37,0.03,N/a,N/a,N/a,N/a,32.0,0.61,0.08,13.0,163,81.1,2165,86.8,90.0,62.5,2,5,6,0,12,13,0.99,0,0.00,10,6,6,5,5,1,4,2,317,12,49,144,127,45,28,42.9,53.6,182,920,429,16,6,13,28,22,218,55,14,10,7,3,29,8,24,25.0
Cameron Burgess,auAUS,DF,Ipswich Town,29-165,12,11,"1,035",0,1,0,0,0.7,0.4,2,33,3,0.00,0.09,0.06,0.03,N/a,N/a,N/a,N/a,11.1,0.09,0.00,9.7,453,80.6,8127,90.4,87.0,47.8,4,37,2,0,33,8,0.70,2,0.17,9,7,6,1,14,11,3,10,702,151,406,257,39,20,0,N/a,N/a,340,1612,841,2,4,0,2,0,417,3,3,2,0,0,33,33,15,68.8
Caoimhín Kelleher,ieIRL,GK,Liverpool,26-132,9,9,810,0,0,0,0,0.0,0.0,0,0,0,0.00,0.00,0.00,0.00,1.00,71.0,44.4,100.0,N/a,0.00,N/a,N/a,254,75.4,5548,100.0,100.0,30.5,0,6,0,0,0,3,0.33,1,0.11,0,0,0,0,0,0,0,0,351,256,349,2,0,0,1,100.0,0.0,259,973,526,0,0,0,1,0,238,0,0,3,0,0,16,1,0,100.0
Carlos Alcaraz,arARG,"MF,FW",Everton,22-125,7,4,394,1,1,2,0,1.2,1.1,10,20,8,0.23,0.23,0.28,0.26,N/a,N/a,N/a,N/a,100.0,9.00,0.00,9.7,13,100.0,221,100.0,100.0,100.0,1,4,1,1,6,1,9.00,0,0.00,0,0,0,0,0,0,0,1,17,0,1,8,9,2,2,0.0,100.0,12,112,98,4,1,0,0,0,12,1,1,0,0,1,2,1,0,100.0
Carlos Baleba,cmCMR,MF,Brighton,21-091,26,23,"1,967",2,1,8,1,2.9,1.1,33,97,26,0.09,0.05,0.13,0.05,N/a,N/a,N/a,N/a,24.3,0.41,0.05,24.8,781,86.6,13209,92.2,90.3,66.7,18,92,22,2,97,55,2.52,4,0.18,58,31,59,23,32,5,27,39,1196,54,276,709,246,10,46,58.7,34.8,641,3748,1888,33,32,2,30,29,700,26,35,38,0,7,145,34,18,65.4
Carlos Forbs,ptPOR,"MF,FW",Wolves,21-016,9,1,237,0,0,2,0,0.1,0.0,9,8,28,0.00,0.00,0.05,0.01,N/a,N/a,N/a,N/a,0.0,0.00,0.00,19.1,56,64.4,739,75.0,72.0,20.0,1,2,3,1,8,5,1.91,1,0.38,8,5,5,1,3,0,3,1,117,3,20,38,60,13,12,58.3,41.7,72,435,297,9,3,8,7,4,82,28,2,1,0,9,11,1,3,25.0
Carlos Soler,esESP,"MF,FW",West Ham,28-092,25,12,"1,143",1,1,5,0,1.2,1.1,12,47,23,0.08,0.08,0.10,0.09,N/a,N/a,N/a,N/a,26.3,0.39,0.05,19.7,451,84.3,7081,94.4,84.0,52.1,12,36,10,0,47,42,3.31,2,0.16,12,10,20,15,15,3,12,7,629,17,149,324,161,19,17,47.1,47.1,294,1458,618,12,14,4,9,12,427,23,23,15,0,27,54,6,11,35.3
Casemiro,brBRA,MF,Manchester Utd,33-040,20,14,"1,181",1,0,3,0,1.4,2.2,4,64,25,0.08,0.00,0.11,0.17,N/a,N/a,N/a,N/a,26.9,0.53,0.04,19.3,609,79.1,10175,87.0,84.4,60.9,19,62,19,6,64,48,3.66,3,0.23,63,36,59,25,32,10,22,10,981,64,284,503,201,33,6,50.0,50.0,519,1633,744,4,9,0,9,10,634,25,14,17,3,18,79,27,14,65.9
Charlie Taylor,engENG,DF,Southampton,31-198,7,2,266,0,0,1,0,0.0,0.1,3,8,6,0.00,0.00,0.00,0.03,N/a,N/a,N/a,N/a,N/a,0.00,N/a,N/a,154,87.0,2691,94.0,89.5,70.6,1,8,2,1,8,2,0.68,1,0.34,7,5,6,1,5,3,2,3,219,21,93,91,36,1,2,100.0,0.0,91,386,155,3,3,0,1,1,133,6,2,2,0,9,7,4,2,66.7
Cheick Doucouré,mlMLI,MF,Crystal Palace,25-086,13,4,452,0,0,1,0,0.4,0.0,2,19,7,0.00,0.00,0.08,0.00,N/a,N/a,N/a,N/a,0.0,0.00,0.00,20.6,174,85.3,2909,89.4,89.7,80.0,1,17,3,0,19,9,1.79,3,0.60,16,8,11,6,4,0,4,11,263,11,56,165,45,4,5,40.0,40.0,133,581,280,2,7,1,4,7,160,7,7,7,0,1,31,5,5,50.0
Chiedozie Ogbene,ieIRL,FW,Ipswich Town,27-338,5,3,238,0,0,0,0,0.0,0.1,7,0,15,0.00,0.00,0.00,0.03,N/a,N/a,N/a,N/a,N/a,0.00,N/a,N/a,32,74.4,415,83.3,80.0,100.0,2,0,0,0,0,3,1.13,0,0.00,7,3,4,2,1,0,1,1,70,3,11,19,40,6,7,14.3,42.9,41,330,139,7,2,2,4,2,43,15,2,7,1,4,6,1,6,14.3
Chris Richards,usUSA,DF,Crystal Palace,25-007,17,15,"1,338",0,0,2,0,0.5,0.1,5,33,1,0.00,0.00,0.03,0.01,N/a,N/a,N/a,N/a,50.0,0.27,0.00,13.7,512,80.5,9062,89.1,89.9,44.2,2,19,0,0,33,6,0.40,2,0.13,38,25,34,13,26,9,17,9,822,93,432,349,46,13,5,20.0,80.0,382,1696,777,5,5,0,5,5,463,1,8,3,1,1,42,30,31,49.2
Chris Wood,nzNZL,FW,Nott'ham Forest,33-118,29,28,"2,344",18,3,1,0,11.0,1.9,13,33,72,0.69,0.12,0.42,0.07,N/a,N/a,N/a,N/a,58.0,1.11,0.30,14.6,258,66.2,3525,70.5,68.0,68.4,15,14,8,1,33,36,1.38,5,0.19,4,4,8,7,11,7,4,4,605,30,70,289,248,78,10,40.0,50.0,303,1083,424,13,9,5,62,21,452,72,21,20,21,1,38,78,114,40.6
Christian Eriksen,dkDEN,MF,Manchester Utd,33-049,17,9,813,0,1,3,0,0.2,2.4,8,40,23,0.00,0.11,0.02,0.26,N/a,N/a,N/a,N/a,0.0,0.00,0.00,25.0,436,79.9,7387,92.5,79.9,48.9,21,41,6,1,40,39,4.31,6,0.66,13,5,16,9,10,4,6,7,618,20,124,314,184,11,3,0.0,100.0,348,1258,545,8,8,0,6,4,408,23,7,2,0,60,48,2,5,28.6
Christian Nørgaard,dkDEN,MF,Brentford,31-025,26,26,"2,100",4,2,4,1,3.2,0.8,11,116,34,0.17,0.09,0.14,0.03,N/a,N/a,N/a,N/a,33.3,0.43,0.13,15.1,896,82.0,14855,87.6,86.0,60.2,15,112,19,3,116,44,1.89,9,0.39,66,42,61,23,36,13,23,37,1376,133,468,655,267,46,12,50.0,33.3,643,2467,1049,11,10,4,28,18,840,34,31,24,1,12,161,33,24,57.9
Christian Walton,engENG,GK,Ipswich Town,29-146,6,6,540,0,0,0,0,0.0,0.0,0,0,0,0.00,0.00,0.00,0.00,2.67,57.6,16.7,0.0,N/a,0.00,N/a,N/a,152,67.3,4170,100.0,97.2,36.8,1,1,0,0,0,2,0.33,0,0.00,0,0,1,1,0,0,0,0,242,224,241,1,0,0,0,N/a,N/a,122,572,305,0,0,0,0,0,117,0,0,1,0,0,5,2,0,100.0
Christopher Nkunku,frFRA,FW,Chelsea,27-141,25,8,872,3,2,2,0,4.7,2.0,16,25,64,0.31,0.21,0.48,0.21,N/a,N/a,N/a,N/a,45.8,1.14,0.13,12.9,285,89.3,3793,91.1,92.1,100.0,13,24,7,0,25,33,3.40,4,0.41,12,8,8,2,9,2,7,7,428,10,50,171,209,50,25,36.0,52.0,264,1296,580,16,14,12,16,14,336,64,14,11,2,4,27,14,21,40.0
Cody Gakpo,nlNED,FW,Liverpool,25-332,27,16,"1,416",8,3,4,0,6.0,3.5,38,44,212,0.51,0.19,0.38,0.22,N/a,N/a,N/a,N/a,38.6,1.08,0.18,15.4,368,76.3,5200,86.7,67.7,57.1,30,21,22,6,44,61,3.88,6,0.38,23,12,20,9,17,2,15,7,667,19,63,196,421,77,43,60.5,30.2,448,3093,1533,38,23,17,32,15,506,212,14,19,5,54,57,13,19,40.6
Cole Palmer,engENG,MF,Chelsea,22-333,29,29,"2,530",14,7,5,0,15.3,9.1,89,162,145,0.50,0.25,0.54,0.32,N/a,N/a,N/a,N/a,38.0,1.35,0.11,20.3,892,76.1,17039,85.2,84.3,59.2,71,126,50,14,162,154,5.48,12,0.43,24,15,21,13,14,1,13,7,1464,17,117,657,710,112,92,44.6,39.1,923,6153,2943,89,60,28,54,28,1080,145,12,54,6,122,83,1,5,16.7
Conor Bradley,nirNIR,DF,Liverpool,21-269,12,2,372,0,0,2,0,0.5,0.0,17,17,18,0.00,0.00,0.12,0.00,N/a,N/a,N/a,N/a,42.9,0.73,0.00,14.3,239,84.2,3608,92.6,89.1,31.8,0,12,2,1,17,9,2.18,1,0.24,6,3,12,7,2,0,2,3,343,15,105,147,96,20,7,42.9,57.1,186,1097,594,17,9,5,8,1,211,18,7,5,0,4,23,5,2,71.4
Conor Chaplin,engENG,"MF,FW",Ipswich Town,28-047,15,7,614,1,1,1,0,1.2,0.6,10,25,20,0.15,0.15,0.17,0.09,N/a,N/a,N/a,N/a,25.0,0.44,0.08,18.3,170,74.2,2652,84.2,78.7,35.3,6,17,7,2,25,18,2.65,1,0.15,11,5,13,7,8,1,7,3,281,6,46,141,99,12,6,50.0,50.0,138,697,380,10,7,0,9,3,192,20,10,5,0,9,23,1,8,11.1
Conor Coady,engENG,DF,Leicester City,32-038,14,11,994,0,0,1,0,0.0,0.1,1,24,0,0.00,0.00,0.00,0.00,N/a,N/a,N/a,N/a,N/a,0.00,N/a,N/a,556,90.7,9687,96.6,96.7,54.0,1,27,2,0,24,4,0.36,0,0.00,11,8,3,1,20,15,5,8,702,126,376,314,12,3,1,100.0,0.0,461,1881,994,1,2,1,4,2,514,0,4,2,1,0,32,11,13,45.8
Conor Townsend,engENG,DF,Ipswich Town,32-031,4,2,226,0,1,1,0,0.0,0.7,2,4,8,0.00,0.40,0.00,0.26,N/a,N/a,N/a,N/a,N/a,0.00,N/a,N/a,54,61.4,848,84.4,69.4,16.7,4,5,2,2,4,3,1.19,1,0.40,10,7,10,2,6,4,2,4,123,19,65,36,24,2,0,N/a,N/a,40,186,93,2,2,0,2,2,56,8,2,1,0,8,4,3,4,42.9
Craig Dawson,engENG,DF,Wolves,34-333,15,10,971,0,0,2,0,0.5,0.0,6,20,5,0.00,0.00,0.05,0.00,N/a,N/a,N/a,N/a,20.0,0.09,0.00,8.5,484,86.6,9745,92.5,93.0,60.0,2,22,1,0,20,7,0.65,2,0.19,15,3,15,3,16,11,5,9,671,130,396,249,28,14,5,20.0,40.0,390,1819,938,6,1,0,2,0,443,5,6,5,2,0,35,21,11,65.6
Cristian Romero,arARG,DF,Tottenham,26-342,15,15,"1,191",1,0,2,0,1.1,0.5,11,57,2,0.08,0.00,0.09,0.04,N/a,N/a,N/a,N/a,41.7,0.38,0.08,9.6,924,88.9,17331,91.7,94.0,62.0,6,95,7,1,57,16,1.21,2,0.15,31,26,26,8,16,3,13,17,1162,141,501,611,58,18,3,33.3,33.3,759,3997,2466,11,17,0,5,3,789,2,10,11,1,3,74,31,25,55.4
Crysencio Summerville,nlNED,"FW,MF",West Ham,23-156,19,7,786,1,1,2,0,1.6,1.7,29,18,71,0.11,0.11,0.19,0.19,N/a,N/a,N/a,N/a,28.6,0.46,0.07,13.4,194,76.4,2881,84.5,88.7,50.0,17,13,12,5,18,35,4.01,1,0.11,13,7,9,6,13,4,9,0,372,9,47,147,181,38,39,33.3,46.2,207,1463,762,29,15,13,20,16,259,71,9,23,4,21,38,4,9,30.8
Curtis Jones,engENG,"MF,FW",Liverpool,24-064,25,14,"1,257",3,3,3,1,4.0,0.9,16,71,59,0.21,0.21,0.29,0.07,N/a,N/a,N/a,N/a,37.0,0.72,0.11,15.2,697,93.6,10176,97.3,93.1,76.5,17,48,13,0,71,34,2.43,6,0.43,29,16,20,8,15,7,8,5,886,22,135,471,286,47,15,66.7,26.7,538,2565,1134,16,12,4,19,28,669,59,13,20,0,4,66,13,10,56.5
Daichi Kamada,jpJPN,MF,Crystal Palace,28-242,25,10,"1,018",0,0,2,1,0.8,1.1,18,61,42,0.00,0.00,0.07,0.10,N/a,N/a,N/a,N/a,28.6,0.35,0.00,20.3,400,79.4,6424,87.2,81.8,57.9,15,39,11,2,61,36,3.18,2,0.18,35,18,32,21,16,3,13,14,634,14,123,337,178,20,9,44.4,55.6,312,1505,723,18,12,4,12,16,407,42,21,13,2,20,53,2,10,16.7
Dan Burn,engENG,DF,Newcastle Utd,32-330,28,28,"2,520",0,0,8,0,1.1,0.5,6,44,6,0.00,0.00,0.04,0.02,N/a,N/a,N/a,N/a,28.6,0.14,0.00,10.5,1315,89.5,23564,91.5,95.2,60.0,5,23,6,0,44,16,0.57,3,0.11,31,17,31,15,29,22,7,18,1753,304,1011,667,78,36,3,100.0,0.0,1004,4609,2013,6,3,1,18,2,1175,6,24,10,4,2,77,103,57,64.4
Dango Ouattara,bfBFA,FW,Bournemouth,23-052,27,16,"1,608",7,4,1,0,7.7,4.6,62,35,161,0.39,0.22,0.43,0.26,N/a,N/a,N/a,N/a,31.5,0.95,0.13,13.3,293,60.2,4600,73.4,62.6,33.3,27,18,22,8,35,58,3.25,6,0.34,29,23,33,18,28,8,20,8,766,47,127,246,408,109,63,46.0,47.6,388,2855,1374,62,25,32,49,27,459,161,14,13,13,69,70,34,48,41.5
Daniel Muñoz,coCOL,DF,Crystal Palace,28-313,28,28,"2,418",3,4,7,0,4.1,3.8,38,67,164,0.11,0.15,0.15,0.14,N/a,N/a,N/a,N/a,37.9,0.41,0.10,12.7,862,75.2,13222,85.2,76.8,43.3,33,43,20,9,67,63,2.34,7,0.26,94,62,70,30,28,2,26,31,1537,94,429,633,490,77,45,37.8,57.8,598,2976,1206,38,24,11,43,14,733,164,40,16,10,51,133,48,62,43.6
Danilo,brBRA,"MF,FW",Nott'ham Forest,23-340,6,4,210,0,0,0,0,0.0,0.0,2,10,1,0.00,0.00,0.00,0.00,N/a,N/a,N/a,N/a,N/a,0.00,N/a,N/a,74,79.6,1226,83.3,82.9,85.7,0,10,0,0,10,6,2.58,2,0.86,2,1,3,2,1,1,0,1,111,6,33,67,12,0,5,40.0,60.0,41,202,55,2,0,0,6,0,69,1,1,0,0,3,14,1,1,50.0
Danny Ings,engENG,"FW,MF",West Ham,32-255,15,1,284,1,2,0,0,2.3,1.3,6,5,29,0.32,0.63,0.72,0.41,N/a,N/a,N/a,N/a,35.7,1.58,0.07,15.5,63,68.5,830,83.7,65.5,20.0,6,4,1,0,5,12,3.80,2,0.63,4,2,3,2,5,0,5,1,139,2,15,51,73,27,7,57.1,28.6,63,324,118,6,0,2,6,6,96,29,0,2,0,3,9,8,10,44.4
Danny Ward,wlsWAL,GK,Leicester City,31-286,2,1,135,0,0,0,0,0.0,0.0,0,0,0,0.00,0.00,0.00,0.00,4.00,40.0,0.0,N/a,N/a,0.00,N/a,N/a,41,77.4,1162,100.0,100.0,55.6,0,2,0,0,0,0,0.00,0,0.00,0,0,0,0,0,0,0,0,55,40,55,0,0,0,1,0.0,100.0,44,176,107,0,0,0,0,0,35,0,0,0,0,0,1,0,0,N/a
Danny Welbeck,engENG,FW,Brighton,34-129,23,17,"1,506",7,4,3,0,6.7,1.0,17,35,60,0.42,0.24,0.40,0.06,N/a,N/a,N/a,N/a,35.7,0.90,0.17,15.5,290,82.9,3420,85.0,86.8,100.0,16,12,11,0,35,38,2.27,6,0.36,16,9,12,9,12,1,11,5,515,10,41,233,245,70,28,35.7,53.6,300,1422,607,17,18,6,34,21,381,60,8,19,2,3,31,14,16,46.7
Dara O'Shea,ieIRL,DF,Ipswich Town,26-031,27,27,"2,402",0,1,6,0,0.8,0.1,3,62,3,0.00,0.04,0.03,0.00,N/a,N/a,N/a,N/a,13.3,0.07,0.00,10.7,994,77.5,19715,86.4,84.7,49.5,2,74,2,1,62,18,0.67,2,0.07,39,25,27,10,51,41,10,29,1620,307,930,593,100,41,2,50.0,50.0,736,3186,1570,3,2,0,10,4,929,3,13,18,2,5,90,89,64,58.2
Darwin Núñez,uyURU,FW,Liverpool,25-284,24,8,986,5,2,8,0,5.0,1.2,20,22,67,0.46,0.18,0.45,0.11,N/a,N/a,N/a,N/a,38.7,1.10,0.16,14.3,139,70.6,2060,79.6,74.1,73.3,9,9,1,0,22,24,2.19,4,0.36,18,15,15,10,6,0,6,3,318,10,42,106,180,60,21,38.1,57.1,170,926,487,20,16,10,21,17,209,67,26,14,10,2,36,15,29,34.1
David Brooks,wlsWAL,FW,Bournemouth,27-270,23,8,769,2,0,3,0,2.2,1.6,25,22,70,0.23,0.00,0.26,0.19,N/a,N/a,N/a,N/a,45.5,1.17,0.09,16.8,216,73.2,3333,85.4,75.8,45.2,13,12,13,5,22,30,3.51,1,0.12,10,3,11,10,15,2,13,5,408,10,49,151,216,31,30,26.7,63.3,253,1743,779,25,20,8,25,10,273,70,8,13,0,41,41,6,9,40.0
David Raya,esESP,GK,Arsenal,29-201,30,30,"2,700",0,0,2,0,0.0,0.0,0,11,0,0.00,0.00,0.00,0.00,0.83,76.5,36.7,0.0,N/a,0.00,N/a,N/a,814,73.8,19708,99.1,98.6,38.5,0,37,1,0,11,3,0.10,0,0.00,0,0,1,1,0,0,0,2,1151,680,1077,74,0,0,1,100.0,0.0,713,3592,2157,0,0,0,1,0,652,0,1,7,0,0,30,9,0,100.0
Dean Henderson,engENG,GK,Crystal Palace,28-023,29,29,"2,610",0,0,3,0,0.0,0.0,0,0,0,0.00,0.00,0.00,0.00,1.17,70.3,31.0,50.0,0.0,0.00,0.00,14.9,576,62.1,15488,99.3,99.3,29.9,1,13,0,0,0,2,0.07,0,0.00,2,1,5,3,0,0,0,0,1001,816,998,2,1,1,0,N/a,N/a,575,3445,1588,0,0,0,2,0,446,0,0,0,0,0,21,11,1,91.7
Dean Huijsen,esESP,DF,Bournemouth,19-355,24,19,"1,784",2,0,7,0,1.6,1.1,30,89,8,0.10,0.00,0.08,0.06,N/a,N/a,N/a,N/a,14.3,0.10,0.14,10.1,959,84.0,19500,90.1,90.6,63.3,12,121,7,2,89,33,1.66,2,0.10,29,21,25,10,32,24,8,44,1431,188,674,673,92,24,5,40.0,60.0,770,4550,2837,30,13,0,14,1,865,8,23,8,1,10,85,51,34,60.0
Declan Rice,engENG,MF,Arsenal,26-080,28,26,"2,246",2,5,6,1,2.3,5.9,78,156,80,0.08,0.20,0.09,0.24,N/a,N/a,N/a,N/a,22.2,0.32,0.06,19.9,1134,83.6,19443,92.5,90.4,49.5,48,113,28,5,156,92,3.69,7,0.28,42,19,32,18,20,10,10,20,1584,57,257,760,584,60,24,45.8,50.0,847,5363,2862,78,52,12,32,22,1047,80,17,15,1,140,115,27,21,56.3
Dejan Kulusevski,seSWE,"MF,FW",Tottenham,24-344,27,24,"2,154",7,4,3,0,4.1,6.1,115,118,199,0.29,0.17,0.17,0.25,N/a,N/a,N/a,N/a,37.2,0.67,0.16,14.7,611,73.5,8552,86.1,77.2,40.8,63,59,52,6,118,122,5.10,9,0.38,39,22,46,30,25,3,22,11,1172,20,133,390,673,145,107,32.7,59.8,766,5793,3065,115,66,37,71,69,834,199,39,32,5,88,109,9,11,45.0
Destiny Udogie,itITA,DF,Tottenham,22-127,23,22,"1,744",0,1,2,0,0.3,1.4,51,117,92,0.00,0.05,0.02,0.07,N/a,N/a,N/a,N/a,20.0,0.05,0.00,15.1,915,87.5,13224,91.2,90.6,81.5,15,86,6,1,117,33,1.70,3,0.15,71,44,45,13,37,5,32,19,1287,57,353,572,376,48,30,40.0,50.0,714,4005,2187,51,38,11,31,19,778,92,29,36,2,19,103,13,13,50.0
Diego Carlos,brBRA,DF,Aston Villa,32-020,10,8,830,0,0,1,0,0.6,0.0,3,34,0,0.00,0.00,0.07,0.00,N/a,N/a,N/a,N/a,25.0,0.11,0.00,6.7,534,88.6,10941,91.4,94.2,65.1,0,23,1,0,34,4,0.43,0,0.00,8,3,6,2,13,7,6,5,674,86,331,330,15,6,2,100.0,0.0,419,2133,1162,3,3,0,1,2,481,0,11,1,1,0,36,11,10,52.4
Diego Gómez,pyPAR,MF,Brighton,22-008,8,3,325,0,0,0,0,0.3,0.5,5,15,10,0.00,0.00,0.09,0.13,N/a,N/a,N/a,N/a,0.0,0.00,0.00,20.3,152,78.8,2369,85.7,84.6,50.0,3,10,4,1,15,9,2.49,1,0.28,13,8,15,8,9,0,9,5,262,14,62,141,61,5,10,50.0,50.0,120,445,210,5,2,0,5,6,157,10,3,2,0,8,20,6,3,66.7
Diogo Dalot,ptPOR,DF,Manchester Utd,26-017,29,29,"2,576",0,2,4,0,2.0,1.9,58,91,150,0.00,0.07,0.07,0.06,N/a,N/a,N/a,N/a,21.7,0.17,0.00,15.6,1249,80.5,20191,89.8,81.7,56.9,22,53,22,8,91,68,2.38,4,0.14,60,35,45,16,20,9,11,35,1831,111,622,712,511,60,45,51.1,42.2,1035,4579,2503,58,36,13,34,15,1101,150,38,8,4,58,155,36,21,63.2
Diogo Jota,ptPOR,FW,Liverpool,28-121,19,11,918,6,3,2,0,6.5,1.8,33,27,77,0.59,0.29,0.64,0.18,N/a,N/a,N/a,N/a,30.0,1.18,0.15,12.7,176,70.1,2532,77.2,78.4,52.9,10,22,3,1,27,31,3.04,8,0.79,10,6,18,12,7,0,7,6,386,4,26,148,219,80,28,39.3,57.1,219,1329,688,33,20,20,31,20,271,77,16,10,0,8,34,19,24,44.2
Djed Spence,engENG,DF,Tottenham,24-238,17,12,"1,154",1,1,4,1,0.3,1.5,37,67,49,0.08,0.08,0.03,0.12,N/a,N/a,N/a,N/a,28.6,0.16,0.14,24.6,679,86.5,9575,94.1,86.9,52.6,9,55,13,6,67,21,1.64,3,0.23,34,25,23,5,20,8,12,14,964,56,337,436,205,17,53,52.8,37.7,559,3352,1820,37,32,6,21,20,603,49,15,18,2,15,68,16,11,59.3
Dominic Calvert-Lewin,engENG,FW,Everton,28-019,22,19,"1,574",3,1,2,0,6.1,0.6,22,19,105,0.17,0.06,0.35,0.04,N/a,N/a,N/a,N/a,37.0,0.97,0.07,12.3,174,62.6,2035,70.0,58.3,37.5,7,19,5,1,19,25,1.43,4,0.23,9,7,6,4,6,2,4,6,491,21,38,204,254,82,25,40.0,52.0,268,1398,444,22,8,16,71,32,402,105,27,22,27,6,32,83,79,51.2
Dominic Solanke,engENG,FW,Tottenham,27-202,21,21,"1,868",7,3,0,0,9.2,2.8,27,40,77,0.34,0.14,0.44,0.13,N/a,N/a,N/a,N/a,40.4,1.01,0.13,12.2,230,71.2,3067,75.9,76.0,66.7,13,24,9,0,40,35,1.69,7,0.34,18,11,10,6,15,6,9,0,575,29,61,264,256,101,44,34.1,61.4,329,1770,689,27,20,13,57,41,395,77,32,31,5,4,33,40,51,44.0
Dominik Szoboszlai,huHUN,MF,Liverpool,24-161,28,23,"2,043",5,3,6,0,6.8,5.0,63,105,115,0.22,0.13,0.30,0.22,N/a,N/a,N/a,N/a,30.4,0.75,0.09,17.9,931,84.4,14459,88.9,88.8,72.2,41,70,29,4,105,95,4.19,12,0.53,29,19,37,22,33,4,29,9,1322,21,169,643,528,87,35,54.3,37.1,693,3569,1985,63,44,17,33,19,908,115,35,21,4,32,110,16,20,44.4
Donyell Malen,nlNED,FW,Aston Villa,26-085,7,1,173,1,0,0,0,0.6,0.0,5,3,15,0.52,0.00,0.33,0.02,N/a,N/a,N/a,N/a,62.5,2.60,0.13,17.0,30,69.8,387,83.3,70.0,100.0,1,1,1,0,3,3,1.55,0,0.00,5,2,2,1,0,0,0,0,72,1,5,21,51,13,6,33.3,50.0,39,311,158,5,3,2,4,5,42,15,0,2,2,3,5,1,3,25.0
Dwight McNeil,engENG,"MF,FW",Everton,25-133,13,13,"1,140",3,3,1,0,0.9,3.5,31,60,65,0.24,0.24,0.07,0.27,N/a,N/a,N/a,N/a,34.8,0.63,0.13,22.0,377,73.3,7166,86.3,81.4,53.4,32,33,32,10,60,60,4.74,6,0.47,10,6,16,9,7,0,7,5,619,2,61,267,305,18,37,54.1,43.2,360,2227,931,31,28,4,22,24,417,65,6,13,1,91,63,3,14,17.6
Eberechi Eze,engENG,"MF,FW",Crystal Palace,26-279,25,23,"2,014",2,6,1,0,6.3,4.6,58,81,132,0.09,0.27,0.28,0.21,N/a,N/a,N/a,N/a,24.7,0.94,0.02,21.1,643,74.1,10772,85.3,83.0,42.6,49,42,30,3,81,108,4.83,7,0.31,35,21,33,17,24,0,24,10,1171,13,148,548,503,77,110,47.3,48.2,697,4277,1968,58,38,20,42,38,767,132,7,41,8,97,114,6,33,15.4
Eddie Nketiah,engENG,"FW,MF",Crystal Palace,25-309,21,7,740,1,1,3,0,3.5,1.5,32,15,60,0.12,0.12,0.42,0.18,N/a,N/a,N/a,N/a,35.5,1.34,0.03,15.1,139,73.2,2046,78.7,82.3,58.3,11,10,4,0,15,23,2.79,2,0.24,12,5,11,6,9,0,9,2,313,7,32,127,160,52,17,47.1,35.3,182,1352,721,32,18,12,25,13,221,60,21,21,2,5,19,16,25,39.0
Ederson,brBRA,GK,Manchester City,31-230,20,20,"1,800",0,3,3,0,0.0,0.8,0,1,0,0.00,0.15,0.00,0.04,1.15,69.6,30.0,0.0,N/a,0.00,N/a,N/a,640,87.4,15692,100.0,98.2,63.8,3,19,1,0,1,5,0.25,3,0.15,0,0,2,2,0,0,0,1,776,538,767,9,0,0,0,N/a,N/a,521,2430,1538,0,0,0,1,0,496,0,1,0,0,0,35,3,1,75.0
Edmond-Paris Maghoma,engENG,"MF,FW",Brentford,23-331,8,0,119,0,0,0,0,0.1,0.1,4,13,4,0.00,0.00,0.09,0.08,N/a,N/a,N/a,N/a,0.0,0.00,0.00,23.8,76,90.5,1259,95.0,93.5,85.7,1,2,0,0,13,4,3.03,1,0.76,2,1,3,2,2,2,0,1,101,2,18,58,27,4,4,75.0,25.0,68,414,221,4,3,1,2,0,75,4,2,4,0,3,7,1,3,25.0
Edson Álvarez,mxMEX,MF,West Ham,27-162,24,18,"1,580",0,1,8,1,0.3,0.8,21,70,18,0.00,0.06,0.02,0.05,N/a,N/a,N/a,N/a,9.1,0.06,0.00,26.7,724,85.6,12319,88.7,89.7,72.8,11,78,10,3,70,25,1.42,2,0.11,43,22,33,18,21,8,13,16,1052,59,313,578,169,12,31,45.2,38.7,566,3203,1471,21,19,2,23,13,695,18,36,18,4,6,78,28,19,59.6
Elliot Anderson,engENG,MF,Nott'ham Forest,22-149,29,25,"2,047",1,6,6,0,1.4,3.0,35,106,70,0.04,0.26,0.06,0.13,N/a,N/a,N/a,N/a,17.2,0.22,0.03,20.2,782,78.6,12423,89.1,80.4,48.2,32,80,14,2,106,71,3.12,10,0.44,70,47,83,44,39,8,31,23,1326,74,307,619,427,53,65,49.2,38.5,663,3685,1697,35,27,15,50,33,777,70,34,44,4,64,160,34,18,65.4
Emerson Palmieri,itITA,DF,West Ham,30-244,26,23,"1,806",2,1,5,0,1.8,1.5,36,53,71,0.10,0.05,0.09,0.07,N/a,N/a,N/a,N/a,50.0,0.35,0.14,18.8,730,79.1,10697,89.2,80.0,41.9,16,41,10,4,53,39,1.94,2,0.10,53,28,38,17,30,7,23,18,1142,73,370,480,307,24,30,33.3,56.7,472,2563,1407,36,21,8,22,7,620,71,20,12,0,58,80,15,17,46.9
Emi Buendía,arARG,"MF,FW",Aston Villa,28-100,12,0,98,0,0,1,0,0.7,0.0,3,7,6,0.00,0.00,0.60,0.02,N/a,N/a,N/a,N/a,0.0,0.00,0.00,19.1,49,81.7,624,91.7,85.7,20.0,1,4,1,0,7,3,2.76,0,0.00,6,6,5,5,5,1,4,0,82,0,17,35,31,3,2,0.0,100.0,53,185,119,3,5,0,4,3,64,6,4,6,0,0,8,0,2,0.0
Emil Krafth,seSWE,DF,Newcastle Utd,30-245,5,2,244,0,0,0,0,0.0,0.1,0,1,0,0.00,0.00,0.01,0.03,N/a,N/a,N/a,N/a,0.0,0.00,0.00,14.6,62,76.5,1064,77.8,85.7,50.0,1,3,0,0,1,3,1.11,0,0.00,2,1,2,1,5,4,1,2,108,24,67,33,8,3,0,N/a,N/a,50,169,35,0,1,0,2,1,53,0,3,1,0,0,12,4,4,50.0
Emile Smith Rowe,engENG,MF,Fulham,24-250,27,23,"1,790",5,2,1,0,4.1,1.1,50,113,105,0.25,0.10,0.21,0.05,N/a,N/a,N/a,N/a,25.0,0.40,0.16,15.4,802,90.2,11510,92.4,95.8,69.2,18,70,13,1,113,62,3.12,11,0.55,29,16,23,16,19,2,17,10,1063,20,148,502,423,51,33,48.5,45.5,698,3431,1797,50,37,11,30,13,818,105,16,12,4,12,62,6,16,27.3
Emiliano Martínez,arARG,GK,Aston Villa,32-214,29,29,"2,520",0,0,3,0,0.0,0.0,0,2,0,0.00,0.00,0.00,0.00,1.46,65.2,13.8,50.0,N/a,0.00,N/a,N/a,866,80.3,22324,97.4,98.1,51.5,0,17,0,0,2,4,0.14,1,0.04,2,2,1,0,1,0,1,0,1131,844,1118,13,0,0,1,100.0,0.0,685,3417,2131,0,0,0,1,0,627,0,1,4,0,0,26,7,1,87.5
Emmanuel Agbadou,ciCIV,DF,Wolves,27-291,8,8,690,0,0,2,0,0.1,0.0,1,16,0,0.00,0.00,0.01,0.00,N/a,N/a,N/a,N/a,33.3,0.13,0.00,34.9,369,82.7,7394,92.6,89.8,58.5,0,11,0,0,16,5,0.65,0,0.00,17,11,13,5,8,6,2,8,537,91,298,230,13,0,7,85.7,14.3,320,1643,719,1,2,0,2,3,346,0,1,3,1,0,43,14,12,53.8
Enes Ünal,trTUR,"FW,MF",Bournemouth,27-329,17,2,345,2,1,2,0,2.7,0.4,4,12,22,0.52,0.26,0.72,0.10,N/a,N/a,N/a,N/a,35.0,1.83,0.10,14.6,63,63.6,685,76.9,60.7,0.0,4,4,4,0,12,9,2.35,3,0.78,1,0,3,3,1,0,1,0,172,6,14,63,95,26,12,8.3,83.3,91,261,95,4,3,1,17,13,133,22,6,9,1,4,16,24,22,52.2
Enzo Fernández,arARG,MF,Chelsea,24-077,28,24,"2,230",5,5,6,0,4.9,5.1,46,163,88,0.20,0.20,0.20,0.20,N/a,N/a,N/a,N/a,36.6,0.61,0.12,17.9,1226,80.7,21417,89.7,85.2,58.4,58,131,30,4,163,112,4.52,13,0.52,55,28,68,42,30,5,25,11,1761,29,280,900,593,67,43,48.8,34.9,940,4239,2099,46,42,7,22,26,1284,88,44,39,1,80,121,12,26,31.6
Erling Haaland,noNOR,FW,Manchester City,24-257,28,28,"2,480",21,3,2,0,20.8,2.8,19,18,103,0.76,0.11,0.76,0.10,N/a,N/a,N/a,N/a,54.5,1.96,0.19,12.2,225,66.0,2706,70.6,66.7,66.7,26,9,7,1,18,62,2.25,9,0.33,9,5,6,4,11,1,10,5,578,22,39,200,344,170,32,34.4,59.4,272,1310,478,19,14,19,39,25,427,103,22,12,4,3,29,49,45,52.1
Ethan Nwaneri,engENG,"FW,MF",Arsenal,18-014,20,8,671,3,2,1,0,0.9,0.9,39,26,88,0.40,0.27,0.13,0.12,N/a,N/a,N/a,N/a,36.8,0.94,0.16,18.8,246,80.1,3506,92.4,74.4,50.0,10,14,11,5,26,18,2.41,3,0.40,9,6,15,10,8,2,6,1,397,2,40,137,225,30,49,57.1,32.7,272,2195,1061,39,18,13,15,16,294,88,6,4,5,42,31,3,7,30.0
Ethan Pinnock,jmJAM,DF,Brentford,31-310,22,21,"1,913",2,0,2,0,1.1,1.2,3,41,9,0.09,0.00,0.05,0.05,N/a,N/a,N/a,N/a,60.0,0.28,0.20,11.1,924,85.6,17045,94.2,89.4,57.9,8,48,4,1,41,21,0.99,0,0.00,35,19,24,11,29,18,11,24,1348,294,783,457,109,24,9,33.3,66.7,633,3117,1633,3,4,0,2,4,760,9,8,4,0,9,50,63,43,59.4
Evan Ferguson,ieIRL,FW,West Ham,20-167,6,1,140,0,0,0,0,0.6,0.3,1,0,6,0.00,0.00,0.36,0.19,N/a,N/a,N/a,N/a,20.0,0.64,0.00,17.2,25,78.1,290,83.3,66.7,0.0,2,0,0,0,0,4,2.57,0,0.00,2,0,0,0,2,1,1,1,61,1,6,26,29,10,5,60.0,40.0,31,123,41,1,1,1,8,5,40,6,1,2,0,0,8,5,7,41.7
Evan Ferguson,ieIRL,FW,West Ham,20-167,6,1,140,0,0,0,0,0.6,0.3,1,0,6,0.00,0.00,0.36,0.19,N/a,N/a,N/a,N/a,20.0,0.64,0.00,17.2,25,78.1,290,83.3,66.7,0.0,2,0,0,0,0,4,2.57,0,0.00,2,0,0,0,2,1,1,1,61,1,6,26,29,10,5,60.0,40.0,31,123,41,1,1,1,8,5,40,6,1,2,0,0,8,5,7,41.7
Evanilson,brBRA,FW,Bournemouth,25-180,23,20,"1,634",7,0,0,0,8.6,1.4,23,15,76,0.39,0.00,0.47,0.08,N/a,N/a,N/a,N/a,48.1,1.38,0.13,13.5,165,69.6,2015,74.0,70.2,88.9,20,12,2,0,15,52,2.86,7,0.39,11,6,9,4,8,1,7,0,393,15,31,146,218,98,19,31.6,36.8,239,1277,596,23,12,13,28,18,278,76,26,40,14,0,50,30,51,37.0
Ezri Konsa,engENG,DF,Aston Villa,27-163,26,26,"2,261",1,0,0,0,0.7,0.2,16,60,11,0.04,0.00,0.03,0.01,N/a,N/a,N/a,N/a,42.9,0.12,0.14,8.8,1234,92.3,20633,96.3,95.4,61.6,3,79,1,0,60,18,0.72,3,0.12,29,17,21,4,16,9,7,19,1529,186,722,722,92,17,17,41.2,41.2,894,4528,2250,16,8,2,15,8,1068,11,6,39,0,5,79,25,21,54.3
Fabian Schär,chSUI,DF,Newcastle Utd,33-105,25,24,"2,142",2,0,6,1,1.6,0.3,12,75,16,0.08,0.00,0.07,0.01,N/a,N/a,N/a,N/a,27.3,0.25,0.09,18.9,1186,83.0,23610,92.8,92.3,49.4,3,112,9,0,75,22,0.92,2,0.08,26,17,25,15,32,20,12,34,1664,203,875,695,104,24,11,63.6,18.2,1053,4800,2757,12,21,1,8,4,1155,16,24,9,3,9,102,30,50,37.5
Fabio Carvalho,ptPOR,"FW,MF",Brentford,22-217,19,3,455,2,1,1,0,2.5,0.7,9,17,23,0.40,0.20,0.49,0.13,N/a,N/a,N/a,N/a,41.7,0.99,0.17,14.7,126,70.8,1755,83.0,71.1,38.9,4,11,5,1,17,10,1.97,1,0.20,13,9,13,7,6,1,5,3,247,4,44,91,113,22,14,14.3,71.4,137,698,356,9,3,0,13,8,145,23,5,10,1,10,30,2,6,25.0
Facundo Buonanotte,arARG,"FW,MF",Leicester City,20-102,26,13,"1,354",4,2,7,0,3.5,2.8,37,48,62,0.27,0.13,0.23,0.19,N/a,N/a,N/a,N/a,34.5,0.66,0.14,17.6,392,76.4,6206,85.5,81.0,49.2,22,35,12,1,48,45,2.99,4,0.27,48,27,63,43,32,6,26,10,771,23,112,394,278,31,70,34.3,60.0,427,2696,1236,37,26,8,50,34,475,62,32,29,3,37,71,11,30,26.8
Ferdi Kadioglu,trTUR,"DF,MF",Brighton,25-179,6,5,385,1,0,1,0,0.4,0.2,1,15,27,0.23,0.00,0.10,0.04,N/a,N/a,N/a,N/a,25.0,0.23,0.25,15.1,144,82.3,2372,89.0,82.4,64.3,5,10,9,4,15,13,3.03,2,0.47,10,6,15,9,2,2,0,8,231,13,71,91,72,9,7,42.9,42.9,124,479,183,1,0,0,6,2,144,27,5,3,1,9,14,3,1,75.0
Filip Jørgensen,dkDEN,GK,Chelsea,22-353,6,6,540,0,0,0,0,0.0,0.0,0,0,0,0.00,0.00,0.00,0.00,1.50,71.4,16.7,0.0,N/a,0.00,N/a,N/a,158,83.6,2843,100.0,97.5,27.5,0,1,0,0,0,1,0.17,0,0.00,0,0,0,0,0,0,0,0,202,174,201,1,0,0,0,N/a,N/a,145,676,423,0,0,0,0,0,139,0,1,1,0,0,5,0,0,N/a
Flynn Downes,engENG,MF,Southampton,26-074,21,19,"1,611",1,0,10,0,0.6,0.9,21,55,26,0.06,0.00,0.03,0.05,N/a,N/a,N/a,N/a,33.3,0.17,0.11,17.6,782,89.9,11569,92.9,92.4,66.7,12,47,9,0,55,25,1.40,2,0.11,40,21,31,18,20,4,16,29,1048,71,315,560,179,19,13,30.8,53.8,494,2677,1405,21,17,4,12,16,745,26,43,30,0,2,63,11,11,50.0
Fraser Forster,engENG,GK,Tottenham,37-018,7,7,630,0,0,0,0,0.0,0.0,0,0,0,0.00,0.00,0.00,0.00,2.14,69.0,14.3,0.0,N/a,0.00,N/a,N/a,168,84.8,3349,98.2,95.6,48.9,0,1,0,0,0,0,0.00,0,0.00,0,0,1,1,0,0,0,0,228,212,228,0,0,0,1,100.0,0.0,113,501,264,0,0,0,1,0,94,0,0,0,0,0,1,1,0,100.0
Gabriel Jesus,brBRA,FW,Arsenal,28-001,17,6,608,3,0,4,0,3.0,0.7,15,19,57,0.44,0.00,0.44,0.10,N/a,N/a,N/a,N/a,35.0,1.04,0.15,11.1,156,76.8,2030,80.5,87.2,66.7,8,10,9,1,19,18,2.66,4,0.59,10,6,9,5,10,1,9,4,299,9,28,108,165,48,22,40.9,45.5,179,953,432,15,6,11,13,13,217,57,14,10,9,7,28,9,18,33.3
Gabriel Magalhães,brBRA,DF,Arsenal,27-106,28,28,"2,363",3,1,4,0,2.6,0.9,10,126,11,0.11,0.04,0.10,0.03,N/a,N/a,N/a,N/a,22.7,0.19,0.14,9.5,1480,90.2,25788,96.9,94.2,53.9,13,145,8,0,126,35,1.33,6,0.23,25,15,16,4,42,29,13,16,1873,189,672,985,225,40,5,80.0,20.0,1116,4470,2669,10,22,0,9,2,1366,11,19,19,0,9,63,53,37,58.9
Gabriel Martinelli,brBRA,"FW,MF",Arsenal,23-290,25,18,"1,659",6,4,1,0,4.9,4.3,99,35,215,0.33,0.22,0.26,0.23,N/a,N/a,N/a,N/a,45.7,0.87,0.17,12.2,353,69.5,5129,81.0,66.7,52.5,32,7,25,11,35,53,2.88,5,0.27,18,13,20,14,10,0,10,3,732,12,74,196,474,135,96,30.2,53.1,485,3764,2041,99,27,48,41,30,547,215,13,14,8,72,64,13,24,35.1
George Hirst,sctSCO,FW,Ipswich Town,26-048,18,1,290,2,1,1,0,1.1,0.3,6,10,21,0.62,0.31,0.33,0.08,N/a,N/a,N/a,N/a,66.7,1.24,0.33,10.1,39,54.2,406,68.2,40.0,0.0,3,0,3,0,10,6,1.85,2,0.62,2,2,2,1,0,0,0,1,110,6,17,34,60,17,3,66.7,33.3,60,305,107,6,1,5,14,8,91,21,6,3,0,2,7,18,10,64.3
Georginio Rutter,frFRA,"MF,FW",Brighton,22-349,28,19,"1,656",5,3,2,0,4.6,2.5,42,67,79,0.27,0.16,0.25,0.14,N/a,N/a,N/a,N/a,24.0,0.65,0.10,15.5,237,66.8,3344,77.0,66.7,62.5,19,30,16,1,67,64,3.47,8,0.43,39,15,36,22,20,3,17,10,641,20,83,246,326,79,71,38.0,47.9,361,2467,1405,42,36,16,45,37,411,79,34,45,7,9,66,25,46,35.2
Gonçalo Guedes,ptPOR,"MF,FW",Wolves,28-126,24,7,770,2,4,1,0,2.2,1.1,31,30,58,0.23,0.47,0.25,0.13,N/a,N/a,N/a,N/a,38.9,0.82,0.11,19.9,186,72.7,3117,84.1,76.0,44.8,11,13,16,5,30,23,2.69,8,0.94,14,4,15,12,9,0,9,5,366,4,42,161,176,28,20,25.0,55.0,223,1693,878,31,19,5,33,14,247,58,14,15,3,16,34,3,10,23.1
Guglielmo Vicario,itITA,GK,Tottenham,28-179,18,18,"1,620",0,0,1,0,0.0,0.0,0,1,0,0.00,0.00,0.00,0.00,1.11,73.0,22.2,N/a,N/a,0.00,N/a,N/a,588,89.5,11262,99.5,97.1,50.4,0,1,0,0,1,3,0.17,0,0.00,0,0,0,0,0,0,0,1,700,465,686,14,0,0,1,100.0,0.0,502,2359,1346,0,0,0,0,0,454,0,0,1,0,0,24,7,0,100.0
Guido Rodríguez,arARG,MF,West Ham,30-357,20,14,"1,018",0,0,5,0,0.2,0.1,2,31,5,0.00,0.00,0.02,0.01,N/a,N/a,N/a,N/a,12.5,0.09,0.00,27.8,419,84.1,7149,87.4,91.4,62.7,3,36,1,0,31,10,0.88,0,0.00,30,16,30,16,21,9,12,12,617,42,196,366,56,2,3,66.7,0.0,284,988,392,2,5,0,2,6,354,5,15,11,1,4,46,8,7,53.3
Hamza Choudhury,bdBAN,"MF,DF",Leicester City,27-185,4,1,131,0,0,0,0,0.0,0.4,4,3,6,0.00,0.00,0.00,0.27,N/a,N/a,N/a,N/a,N/a,0.00,N/a,N/a,72,85.7,991,94.0,79.3,50.0,2,10,1,1,3,3,2.05,0,0.00,1,1,3,2,4,2,2,5,100,4,19,61,20,3,4,75.0,25.0,63,246,130,4,2,2,1,0,71,6,1,0,0,5,2,0,0,N/a
Harry Clarke,engENG,DF,Ipswich Town,24-033,7,4,379,0,0,3,1,0.1,0.0,5,14,2,0.00,0.00,0.02,0.01,N/a,N/a,N/a,N/a,100.0,0.24,0.00,4.5,190,80.5,3442,91.6,87.5,57.5,1,21,1,0,14,1,0.24,0,0.00,5,3,6,3,5,4,1,4,268,18,100,122,47,2,2,50.0,50.0,118,555,222,5,7,0,4,2,163,2,5,1,0,5,17,10,4,71.4
Harry Maguire,engENG,DF,Manchester Utd,32-030,21,15,"1,361",1,0,7,0,1.4,0.3,6,42,5,0.07,0.00,0.09,0.02,N/a,N/a,N/a,N/a,36.4,0.26,0.09,8.1,762,86.4,14180,91.3,91.3,57.4,6,38,3,0,42,15,0.99,0,0.00,24,13,15,4,13,11,2,35,1046,126,519,479,60,35,5,40.0,60.0,614,3839,1587,6,6,3,6,2,676,5,15,6,1,2,51,51,21,70.8
Harry Wilson,wlsWAL,"FW,MF",Fulham,28-013,19,8,839,5,1,2,0,3.2,1.0,16,42,71,0.54,0.11,0.35,0.11,N/a,N/a,N/a,N/a,32.1,0.97,0.18,17.2,249,74.3,4168,85.3,80.7,41.2,17,21,11,0,42,30,3.22,3,0.32,10,6,11,5,13,1,12,5,436,7,58,160,226,44,23,39.1,39.1,263,1376,610,16,17,8,13,4,295,71,10,15,0,30,37,4,16,20.0
Harry Winks,engENG,MF,Leicester City,29-061,22,17,"1,538",0,2,4,0,0.2,1.2,19,101,11,0.00,0.12,0.01,0.07,N/a,N/a,N/a,N/a,40.0,0.23,0.00,29.2,910,87.1,14101,92.2,91.2,57.9,17,110,7,5,101,39,2.28,3,0.18,24,11,30,17,19,7,12,9,1158,49,275,746,151,1,12,25.0,66.7,696,3268,1522,19,13,0,13,8,827,11,9,13,0,34,106,8,6,57.1
Harvey Barnes,engENG,FW,Newcastle Utd,27-116,24,8,992,5,3,0,0,3.7,3.0,54,52,106,0.45,0.27,0.33,0.27,N/a,N/a,N/a,N/a,30.0,1.09,0.13,14.8,278,79.0,3919,85.8,75.0,57.1,16,16,26,6,52,41,3.70,7,0.63,10,6,5,2,5,1,4,6,471,10,64,149,258,73,37,40.5,45.9,340,2434,1345,54,26,29,18,12,380,106,8,13,3,27,34,5,10,33.3
Harvey Elliott,engENG,"MF,FW",Liverpool,22-000,11,0,128,0,1,0,0,0.2,0.8,7,17,14,0.00,0.70,0.14,0.54,N/a,N/a,N/a,N/a,16.7,0.70,0.00,16.5,110,80.3,1998,92.1,73.9,70.0,4,9,3,0,17,7,4.92,2,1.41,3,2,3,3,3,1,2,0,156,1,14,62,81,10,4,50.0,50.0,91,436,232,7,5,5,2,1,115,14,0,0,1,10,7,1,1,50.0
Hwang Hee-chan,krKOR,"MF,FW",Wolves,29-068,18,5,637,2,0,0,0,0.8,0.1,14,11,40,0.28,0.00,0.11,0.02,N/a,N/a,N/a,N/a,60.0,0.42,0.40,17.4,155,81.2,2021,86.6,85.1,80.0,3,6,4,2,11,9,1.27,1,0.14,6,4,6,4,9,0,9,2,254,9,39,97,120,22,11,9.1,90.9,146,913,416,14,5,7,12,10,168,40,6,8,0,8,27,3,9,25.0
Hákon Rafn Valdimarsson,isISL,GK,Brentford,23-173,2,1,145,0,0,0,0,0.0,0.0,0,0,0,0.00,0.00,0.00,0.00,1.24,50.0,100.0,N/a,N/a,0.00,N/a,N/a,46,65.7,1445,100.0,100.0,41.5,0,2,0,0,0,2,1.24,0,0.00,0,0,0,0,0,0,0,0,72,60,71,1,0,0,0,N/a,N/a,44,191,80,0,0,0,0,0,36,0,0,0,0,0,1,1,0,100.0
Ian Maatsen,nlNED,DF,Aston Villa,23-025,22,4,617,0,1,2,0,0.2,1.6,19,33,61,0.00,0.15,0.04,0.23,N/a,N/a,N/a,N/a,37.5,0.44,0.00,26.4,358,81.4,5718,87.8,84.6,57.1,16,16,14,3,33,38,5.53,5,0.73,15,8,14,6,5,0,5,9,532,31,138,197,200,28,15,46.7,53.3,283,1591,755,19,12,7,15,14,322,61,7,6,3,35,41,7,5,58.3
Ibrahim Sangaré,ciCIV,MF,Nott'ham Forest,27-123,8,3,279,0,1,2,0,0.0,0.4,0,12,2,0.00,0.32,0.01,0.11,N/a,N/a,N/a,N/a,100.0,0.32,0.00,32.0,117,78.5,1700,88.8,80.9,54.5,3,9,2,0,12,5,1.61,0,0.00,18,10,10,6,5,0,5,2,193,8,44,123,28,7,1,0.0,100.0,75,297,83,0,2,0,4,1,101,2,8,5,0,0,22,5,7,41.7
Ibrahima Konaté,frFRA,DF,Liverpool,25-314,24,23,"1,984",1,2,5,0,1.5,0.9,20,92,2,0.05,0.09,0.07,0.04,N/a,N/a,N/a,N/a,15.4,0.09,0.08,10.5,1340,90.3,24617,93.8,95.0,53.2,9,112,8,0,92,23,1.04,5,0.23,31,21,31,10,25,14,11,10,1700,189,734,873,97,17,4,50.0,25.0,1016,4698,2732,20,12,0,6,2,1229,2,20,16,0,0,70,63,24,72.4
Idrissa Gana Gueye,snSEN,MF,Everton,35-190,29,27,"2,357",0,3,6,0,1.0,1.5,18,109,20,0.00,0.11,0.04,0.06,N/a,N/a,N/a,N/a,16.7,0.15,0.00,25.2,939,86.5,15780,90.9,90.3,72.1,16,115,8,3,109,48,1.83,3,0.11,112,68,81,31,39,7,32,36,1387,59,338,788,267,18,29,44.8,48.3,645,2914,1249,18,21,4,25,30,800,20,42,36,0,5,154,21,14,60.0
Igor,brBRA,DF,Brighton,27-056,12,9,903,0,0,4,0,0.0,0.2,9,44,0,0.00,0.00,0.00,0.02,N/a,N/a,N/a,N/a,0.0,0.00,0.00,14.1,628,92.1,11358,96.5,95.2,71.4,1,35,2,1,44,11,1.10,0,0.00,4,4,10,6,23,14,9,4,764,109,377,353,38,1,4,75.0,25.0,497,2837,1782,9,14,0,1,0,568,0,9,6,0,2,40,8,6,57.1
Iliman Ndiaye,snSEN,FW,Everton,25-029,25,22,"1,899",6,0,3,0,3.6,1.5,72,39,96,0.28,0.00,0.17,0.07,N/a,N/a,N/a,N/a,41.7,0.47,0.21,16.5,460,80.6,7044,85.0,85.6,71.7,16,31,14,5,39,53,2.51,5,0.24,44,22,43,25,22,4,18,17,848,30,179,350,366,65,123,47.2,45.5,488,3936,1982,72,37,27,43,36,513,96,17,41,5,33,147,4,14,22.2
Illia Zabarnyi,uaUKR,DF,Bournemouth,22-215,28,28,"2,450",0,0,3,1,0.8,0.5,18,100,3,0.00,0.00,0.03,0.02,N/a,N/a,N/a,N/a,0.0,0.00,0.00,9.2,1077,80.9,23047,89.9,90.5,52.9,10,109,5,0,100,26,0.96,0,0.00,43,29,41,13,31,19,12,32,1611,192,766,813,51,10,8,62.5,25.0,998,6278,3698,18,14,0,14,3,995,3,16,5,0,5,135,58,35,62.4
Ismaila Sarr,snSEN,"MF,FW",Crystal Palace,27-038,29,22,"2,020",7,3,3,0,7.8,6.0,54,66,149,0.31,0.13,0.35,0.27,N/a,N/a,N/a,N/a,55.8,1.07,0.16,13.8,385,66.2,5780,74.6,71.0,43.6,33,22,33,6,66,89,3.97,8,0.36,17,9,20,14,20,6,14,7,837,34,131,316,399,106,45,31.1,48.9,457,2805,1546,54,36,22,55,36,571,149,11,42,10,42,85,27,39,40.9
Issa Diop,frFRA,DF,Fulham,28-085,21,15,"1,339",0,0,2,0,0.5,0.1,6,25,3,0.00,0.00,0.04,0.01,N/a,N/a,N/a,N/a,40.0,0.13,0.00,10.7,663,87.5,12350,92.5,92.9,52.9,3,43,1,0,25,6,0.40,0,0.00,26,12,18,5,10,7,3,9,903,125,498,381,26,13,2,50.0,50.0,533,2426,1216,6,2,0,9,2,617,3,10,4,0,1,45,20,12,62.5
Jack Clarke,engENG,"FW,MF",Ipswich Town,24-132,25,8,890,0,4,2,0,0.9,1.9,25,28,47,0.00,0.40,0.10,0.19,N/a,N/a,N/a,N/a,15.4,0.20,0.00,18.5,237,76.7,3880,87.1,87.8,46.2,20,21,5,0,28,35,3.54,4,0.40,27,16,30,15,5,0,5,5,421,11,92,172,168,28,34,58.8,29.4,245,1715,849,25,14,9,19,14,265,47,14,18,3,13,57,5,13,27.8
Jack Grealish,engENG,"FW,MF",Manchester City,29-206,17,7,699,1,1,3,0,1.1,1.8,69,52,117,0.13,0.13,0.15,0.23,N/a,N/a,N/a,N/a,33.3,0.64,0.07,16.3,372,87.7,5555,93.8,87.7,68.0,24,22,16,0,52,47,6.04,2,0.26,9,5,5,3,11,2,9,2,505,13,37,152,320,70,27,48.1,33.3,365,2815,1702,69,21,46,9,15,410,117,5,22,0,20,25,1,7,12.5
Jack Harrison,engENG,FW,Everton,28-135,26,18,"1,572",1,0,0,0,3.1,3.4,48,36,91,0.06,0.00,0.18,0.19,N/a,N/a,N/a,N/a,24.0,0.34,0.04,15.8,310,64.7,4767,83.2,68.9,34.7,27,22,18,6,36,46,2.63,3,0.17,26,18,32,19,13,0,13,6,703,27,125,242,343,57,62,32.3,58.1,396,2242,1164,48,24,14,39,34,456,91,10,20,3,85,57,4,23,14.8
Jack Hinshelwood,engENG,"DF,MF",Brighton,19-358,18,16,"1,326",2,0,4,0,1.4,0.9,14,47,35,0.14,0.00,0.09,0.06,N/a,N/a,N/a,N/a,36.4,0.27,0.18,13.6,622,83.2,9520,92.8,83.7,52.9,10,24,8,2,47,27,1.83,2,0.14,21,16,21,12,6,3,3,12,868,41,256,397,220,19,8,12.5,75.0,386,1681,834,14,13,1,15,2,524,35,13,5,0,24,45,16,12,57.1
Jack Stephens,engENG,DF,Southampton,31-067,13,11,894,0,0,2,2,0.3,0.1,11,45,1,0.00,0.00,0.03,0.01,N/a,N/a,N/a,N/a,0.0,0.00,0.00,7.9,618,92.2,10620,92.5,95.2,78.1,2,42,5,0,45,10,1.01,0,0.00,16,10,16,10,8,6,2,9,748,75,307,369,76,6,3,0.0,100.0,415,1932,932,11,10,1,1,1,543,1,8,2,1,0,30,4,6,40.0
Jack Taylor,ieIRL,MF,Ipswich Town,26-285,24,1,514,1,0,3,0,0.6,0.5,9,37,14,0.18,0.00,0.10,0.10,N/a,N/a,N/a,N/a,28.6,0.70,0.07,24.1,243,81.5,4283,86.5,86.0,59.4,5,27,7,0,37,18,3.15,1,0.17,14,6,16,8,5,2,3,4,366,20,100,201,72,5,5,40.0,40.0,187,1113,629,9,8,1,4,5,242,14,10,2,0,5,36,7,4,63.6
Jacob Greaves,engENG,DF,Ipswich Town,24-204,19,19,"1,665",1,0,4,0,1.2,0.0,6,48,4,0.05,0.00,0.07,0.00,N/a,N/a,N/a,N/a,50.0,0.22,0.13,8.3,759,87.4,12401,93.0,92.1,41.3,2,55,1,0,48,12,0.65,0,0.00,27,13,22,8,27,19,8,17,1064,222,582,426,60,15,2,50.0,50.0,503,2156,909,6,8,0,7,2,673,4,9,16,1,0,42,54,36,60.0
Jacob Murphy,engENG,FW,Newcastle Utd,30-039,26,22,"1,745",5,9,3,0,3.9,6.7,58,57,157,0.26,0.46,0.20,0.35,N/a,N/a,N/a,N/a,34.3,0.62,0.14,18.6,497,69.5,7408,84.0,66.4,43.8,30,40,28,9,57,60,3.10,10,0.52,20,13,27,12,28,0,28,11,921,13,138,353,439,64,48,47.9,47.9,549,3251,1705,58,26,21,24,31,662,157,10,9,2,76,75,3,12,20.0
Jacob Ramsey,engENG,"FW,MF",Aston Villa,23-311,22,16,"1,312",1,3,1,0,1.3,1.8,51,58,87,0.07,0.21,0.09,0.12,N/a,N/a,N/a,N/a,26.7,0.27,0.07,16.0,407,85.1,5364,92.2,83.1,70.6,13,25,18,1,58,42,2.88,6,0.41,24,13,16,8,19,3,16,7,620,12,119,230,281,54,36,55.6,25.0,405,2717,1384,51,26,15,35,18,473,87,11,22,5,9,60,6,9,40.0
Jaden Philogene Bidace,engENG,"FW,MF",Aston Villa,23-055,11,2,332,0,0,4,1,0.5,0.3,7,4,17,0.00,0.00,0.13,0.08,N/a,N/a,N/a,N/a,0.0,0.00,0.00,16.0,63,73.3,850,81.6,85.7,66.7,1,1,3,0,4,5,1.36,0,0.00,11,5,6,2,5,0,5,3,145,4,27,54,66,14,15,26.7,53.3,75,520,239,7,5,7,7,3,83,17,12,8,1,4,21,0,5,0.0
Jaden Philogene Bidace,engENG,"FW,MF",Aston Villa,23-055,11,2,332,0,0,4,1,0.5,0.3,7,4,17,0.00,0.00,0.13,0.08,N/a,N/a,N/a,N/a,0.0,0.00,0.00,16.0,63,73.3,850,81.6,85.7,66.7,1,1,3,0,4,5,1.36,0,0.00,11,5,6,2,5,0,5,3,145,4,27,54,66,14,15,26.7,53.3,75,520,239,7,5,7,7,3,83,17,12,8,1,4,21,0,5,0.0
Jadon Sancho,engENG,FW,Chelsea,25-010,24,17,"1,497",2,4,1,0,1.8,3.3,86,75,186,0.12,0.24,0.11,0.20,N/a,N/a,N/a,N/a,25.0,0.30,0.10,15.0,567,83.1,7529,89.8,84.2,45.5,30,22,39,0,75,58,3.49,10,0.60,10,6,12,7,7,0,7,1,821,11,100,244,485,104,86,48.8,38.4,551,3773,2098,86,30,50,24,18,649,186,4,10,5,20,82,4,8,33.3
Jahmai Simpson-Pusey,engENG,DF,Manchester City,19-151,2,1,96,0,0,1,0,0.0,0.0,1,3,0,0.00,0.00,0.00,0.00,N/a,N/a,N/a,N/a,N/a,0.00,N/a,N/a,107,93.0,1754,95.9,96.6,42.9,0,3,0,0,3,0,0.00,0,0.00,1,0,1,1,1,1,0,0,123,9,61,59,3,1,1,0.0,0.0,79,376,190,1,0,0,1,0,101,0,0,1,0,0,3,1,3,25.0
Jake O'Brien,ieIRL,DF,Everton,23-324,13,10,941,2,0,3,0,0.6,0.6,6,34,23,0.19,0.00,0.05,0.05,N/a,N/a,N/a,N/a,100.0,0.29,0.67,12.3,338,75.4,6105,88.3,75.3,62.3,6,28,8,5,34,11,1.05,0,0.00,17,11,14,3,10,3,7,3,566,48,225,231,112,14,8,25.0,62.5,245,1090,448,6,5,1,4,5,288,23,8,3,3,15,37,28,17,62.2
Jakub Kiwior,plPOL,DF,Arsenal,25-048,9,2,402,0,0,0,0,0.1,0.1,2,10,0,0.00,0.00,0.01,0.01,N/a,N/a,N/a,N/a,0.0,0.00,0.00,18.3,188,85.8,3354,92.3,92.9,47.6,1,12,0,0,10,2,0.45,0,0.00,7,3,8,3,5,2,3,1,256,35,107,139,10,1,3,66.7,33.3,125,470,241,2,0,1,1,0,178,0,5,1,0,0,10,5,4,55.6
Jakub Stolarczyk,plPOL,GK,Leicester City,24-106,6,6,540,0,0,1,0,0.0,0.0,0,1,0,0.00,0.00,0.00,0.00,2.00,58.6,0.0,N/a,N/a,0.00,N/a,N/a,152,67.9,4176,100.0,97.9,45.0,0,2,0,0,1,0,0.00,0,0.00,2,1,2,1,0,0,0,0,241,179,236,6,0,0,0,N/a,N/a,130,592,396,0,0,0,1,0,131,0,0,0,0,0,7,3,0,100.0
James Bree,engENG,DF,Southampton,27-175,14,11,890,0,1,0,0,0.1,0.9,9,30,34,0.00,0.10,0.01,0.09,N/a,N/a,N/a,N/a,25.0,0.10,0.00,22.7,437,83.9,6984,90.8,88.3,51.1,10,25,6,5,30,15,1.52,1,0.10,15,10,17,10,8,3,5,8,598,42,194,261,148,10,8,50.0,25.0,316,1372,688,9,11,0,6,4,385,34,2,4,0,24,56,12,4,75.0
James Garner,engENG,"MF,DF",Everton,24-022,13,10,938,0,1,3,0,0.1,1.1,7,27,17,0.00,0.10,0.01,0.11,N/a,N/a,N/a,N/a,20.0,0.10,0.00,26.2,313,70.5,5364,81.1,79.8,43.5,10,27,5,2,27,25,2.40,4,0.38,25,15,27,15,13,3,10,14,550,26,140,262,154,8,13,38.5,61.5,251,1013,342,7,9,1,8,6,278,17,14,8,0,39,51,8,6,57.1
James Hill,engENG,DF,Bournemouth,23-084,9,6,424,0,1,1,0,0.3,0.2,2,13,8,0.00,0.21,0.06,0.05,N/a,N/a,N/a,N/a,0.0,0.00,0.00,13.9,152,66.7,2992,78.0,79.0,37.5,2,19,5,0,13,7,1.49,1,0.21,13,6,10,7,3,0,3,9,296,18,93,155,49,8,2,50.0,50.0,139,515,274,2,5,0,2,0,171,8,7,5,0,9,11,13,11,54.2
James Justin,engENG,DF,Leicester City,27-040,28,28,"2,363",2,1,4,0,1.5,0.5,34,71,88,0.08,0.04,0.06,0.02,N/a,N/a,N/a,N/a,25.0,0.23,0.08,16.0,950,77.2,14542,86.6,83.4,31.9,12,65,16,7,71,29,1.10,1,0.04,44,27,46,21,37,12,25,39,1564,124,544,700,329,36,27,29.6,44.4,684,2869,1410,34,22,4,29,11,854,88,18,30,2,49,67,54,43,55.7
James Maddison,engENG,MF,Tottenham,28-132,28,18,"1,611",9,5,6,0,5.8,3.6,39,145,79,0.50,0.28,0.32,0.20,N/a,N/a,N/a,N/a,44.7,0.95,0.24,16.3,904,80.5,14611,90.5,85.1,44.5,34,100,31,5,145,82,4.59,16,0.89,27,16,26,17,13,3,10,11,1315,24,187,608,533,71,67,43.3,44.8,915,4527,2032,39,37,17,21,21,1010,79,28,53,4,89,68,5,7,41.7
James Mcatee,engENG,"MF,FW",Manchester City,22-168,11,0,143,2,0,0,0,1.4,0.0,5,4,12,1.26,0.00,0.87,0.00,N/a,N/a,N/a,N/a,28.6,1.26,0.29,14.7,58,85.3,912,83.8,89.3,66.7,0,5,1,0,4,1,0.63,0,0.00,3,2,4,4,4,0,4,1,92,1,11,43,39,9,5,20.0,80.0,54,301,150,5,4,0,2,1,68,12,2,1,0,2,5,1,2,33.3
James Milner,engENG,MF,Brighton,39-090,3,3,169,0,0,1,0,0.2,0.2,1,10,10,0.00,0.00,0.09,0.12,N/a,N/a,N/a,N/a,0.0,0.00,0.00,16.0,55,75.3,899,92.9,76.7,40.0,4,3,1,1,10,8,4.26,0,0.00,5,2,3,0,4,2,2,2,92,3,13,48,31,4,1,100.0,0.0,46,223,97,1,1,0,0,0,58,10,3,1,0,8,2,0,1,0.0
James Tarkowski,engENG,DF,Everton,32-136,30,30,"2,691",1,1,5,0,1.1,2.2,8,69,3,0.03,0.03,0.04,0.07,N/a,N/a,N/a,N/a,28.6,0.13,0.07,8.6,970,81.2,20515,84.9,92.4,62.9,14,77,10,0,69,35,1.17,4,0.13,60,38,38,15,53,39,14,37,1580,338,909,584,96,49,7,71.4,28.6,676,3274,1728,8,10,0,12,7,860,3,33,23,2,0,93,96,29,76.8
James Ward-Prowse,engENG,MF,West Ham,30-154,7,5,492,0,0,1,0,0.4,0.4,4,27,2,0.00,0.00,0.07,0.07,N/a,N/a,N/a,N/a,33.3,0.18,0.00,24.3,314,87.0,5316,94.8,90.8,57.4,7,38,2,1,27,16,2.93,0,0.00,11,8,10,7,6,3,3,5,398,16,89,236,73,2,0,N/a,N/a,176,760,298,4,6,0,1,3,272,2,6,2,0,27,24,4,2,66.7
James Ward-Prowse,engENG,MF,West Ham,30-154,7,5,492,0,0,1,0,0.4,0.4,4,27,2,0.00,0.00,0.07,0.07,N/a,N/a,N/a,N/a,33.3,0.18,0.00,24.3,314,87.0,5316,94.8,90.8,57.4,7,38,2,1,27,16,2.93,0,0.00,11,8,10,7,6,3,3,5,398,16,89,236,73,2,0,N/a,N/a,176,760,298,4,6,0,1,3,272,2,6,2,0,27,24,4,2,66.7
Jamie Vardy,engENG,FW,Leicester City,38-083,28,28,"2,271",7,3,5,0,9.2,2.9,26,19,95,0.28,0.12,0.37,0.11,N/a,N/a,N/a,N/a,41.3,0.75,0.13,11.7,204,66.0,2896,73.2,77.4,68.8,18,7,9,1,19,39,1.55,9,0.36,15,12,9,7,8,4,4,3,476,24,48,212,221,96,20,45.0,50.0,228,1211,598,26,11,14,29,11,308,95,17,19,19,9,29,42,44,48.8
Jan Bednarek,plPOL,DF,Southampton,28-357,24,24,"1,991",2,0,6,0,0.7,0.5,4,53,1,0.09,0.00,0.03,0.02,N/a,N/a,N/a,N/a,40.0,0.09,0.40,16.0,1332,92.3,23397,95.2,94.1,77.0,4,65,0,0,53,14,0.63,0,0.00,30,16,28,14,38,28,10,49,1732,304,904,799,36,13,3,100.0,0.0,877,3158,1493,4,5,1,9,3,1114,1,28,10,0,0,91,64,32,66.7
Jan Paul van Hecke,nlNED,DF,Brighton,24-300,28,27,"2,420",1,1,5,0,1.3,1.5,47,192,5,0.04,0.04,0.05,0.05,N/a,N/a,N/a,N/a,31.3,0.19,0.06,14.1,1654,88.7,32672,93.7,93.4,67.4,12,175,13,4,192,43,1.60,3,0.11,38,25,35,16,32,19,13,21,2120,228,914,1089,135,27,9,44.4,44.4,1390,8617,5901,47,39,0,10,7,1478,5,20,17,0,10,113,69,45,60.5
Jannik Vestergaard,dkDEN,DF,Leicester City,32-244,18,16,"1,391",0,0,5,0,0.1,0.1,3,32,2,0.00,0.00,0.01,0.01,N/a,N/a,N/a,N/a,66.7,0.13,0.00,9.7,870,90.7,14697,95.0,93.7,59.3,3,34,1,0,32,7,0.45,0,0.00,22,10,15,6,21,14,7,16,1092,196,572,497,28,10,4,100.0,0.0,672,2932,1458,3,3,0,2,0,757,2,12,4,0,0,46,26,19,57.8
Jarell Quansah,engENG,DF,Liverpool,22-065,10,2,292,0,0,1,0,0.0,0.0,2,10,3,0.00,0.00,0.00,0.00,N/a,N/a,N/a,N/a,N/a,0.00,N/a,N/a,201,91.0,3631,97.3,91.1,72.2,0,17,0,0,10,1,0.31,0,0.00,9,7,5,1,4,4,0,5,258,32,128,110,20,3,2,50.0,50.0,162,916,483,2,3,1,3,2,182,3,5,1,0,2,8,5,7,41.7
Jarrad Branthwaite,engENG,DF,Everton,22-281,23,21,"1,898",0,1,3,0,0.8,0.6,8,48,1,0.00,0.05,0.04,0.03,N/a,N/a,N/a,N/a,28.6,0.09,0.00,8.2,704,81.5,13641,88.4,91.4,51.0,2,64,2,0,48,12,0.57,2,0.09,31,17,23,7,26,18,8,23,1125,163,602,477,51,19,5,60.0,20.0,539,2979,1793,8,13,2,7,3,643,1,6,10,1,2,71,36,32,52.9
Jarrod Bowen,engENG,"FW,MF",West Ham,28-105,26,26,"2,276",7,5,1,0,6.4,5.3,86,76,156,0.28,0.20,0.25,0.21,N/a,N/a,N/a,N/a,40.9,1.07,0.09,18.0,448,71.0,7354,83.1,77.0,50.6,44,33,39,6,76,94,3.72,11,0.43,33,21,35,20,20,3,17,13,975,20,112,352,532,131,103,36.9,54.4,571,4214,2060,86,37,45,56,58,627,156,16,39,6,92,112,7,37,15.9
Jason Steele,engENG,GK,Brighton,34-229,2,2,180,0,0,0,0,0.0,0.0,0,0,0,0.00,0.00,0.00,0.00,0.50,75.0,50.0,N/a,N/a,0.00,N/a,N/a,101,90.2,2321,100.0,96.9,65.4,0,0,0,0,0,0,0.00,0,0.00,0,0,0,0,0,0,0,0,114,107,114,0,0,0,0,N/a,N/a,91,361,151,0,0,0,0,0,83,0,0,1,0,0,7,1,1,50.0
Jean-Clair Todibo,frFRA,DF,West Ham,25-095,19,12,"1,145",0,0,2,0,0.2,0.0,6,24,4,0.00,0.00,0.01,0.00,N/a,N/a,N/a,N/a,0.0,0.00,0.00,14.6,573,87.3,10394,91.7,94.9,48.6,2,30,1,0,24,5,0.39,0,0.00,28,17,19,3,18,9,9,19,800,117,443,332,32,9,13,53.8,46.2,463,2069,1072,6,5,0,6,7,537,4,7,3,0,2,50,22,19,53.7
Jean-Philippe Mateta,frFRA,FW,Crystal Palace,27-280,28,26,"2,190",12,2,2,0,11.5,3.0,32,44,107,0.49,0.08,0.47,0.12,N/a,N/a,N/a,N/a,40.7,0.90,0.19,15.3,253,65.4,3377,77.4,62.3,35.0,26,29,14,1,44,51,2.10,7,0.29,14,10,14,11,14,3,11,2,626,24,51,299,290,81,39,43.6,46.2,331,1698,815,32,19,7,60,38,459,107,23,22,16,22,58,53,92,36.6
Jean-Ricner Bellegarde,frFRA,"MF,FW",Wolves,26-281,28,16,"1,374",2,6,3,0,1.2,3.2,41,32,77,0.13,0.39,0.08,0.21,N/a,N/a,N/a,N/a,26.3,0.33,0.11,21.9,374,80.6,5757,89.8,81.8,63.6,23,27,13,7,32,47,3.08,9,0.59,28,15,13,4,17,3,14,10,661,20,114,302,260,39,55,20.0,54.5,409,2575,1274,41,31,9,31,22,462,77,25,37,1,30,51,8,17,32.0
Jefferson Lerma,coCOL,MF,Crystal Palace,30-161,24,19,"1,631",0,1,5,0,0.9,1.5,10,78,24,0.00,0.06,0.05,0.08,N/a,N/a,N/a,N/a,30.4,0.39,0.00,19.8,626,74.8,10812,86.0,79.2,45.9,9,71,14,2,78,39,2.15,3,0.17,24,10,28,15,27,14,13,28,1030,66,277,572,191,23,10,50.0,30.0,465,1823,812,10,8,0,9,15,600,24,26,31,0,7,123,37,35,51.4
Jeffrey Schlupp,ghGHA,"MF,DF",Crystal Palace,32-102,12,0,103,0,0,0,0,0.2,0.2,4,5,9,0.00,0.00,0.14,0.14,N/a,N/a,N/a,N/a,50.0,1.75,0.00,17.7,39,78.0,591,84.2,78.3,50.0,3,4,2,0,5,7,6.06,0,0.00,2,0,3,3,6,0,6,0,79,2,9,31,41,6,1,100.0,0.0,30,150,67,4,1,1,7,0,41,9,1,0,0,4,6,3,4,42.9
Jens Cajuste,seSWE,MF,Ipswich Town,25-237,23,20,"1,524",1,0,2,0,0.4,0.4,23,41,14,0.06,0.00,0.02,0.02,N/a,N/a,N/a,N/a,12.5,0.06,0.13,20.9,503,83.0,8280,89.3,86.7,49.0,9,40,3,0,41,25,1.48,1,0.06,36,18,43,26,18,5,13,20,780,45,219,407,166,11,38,57.9,28.9,363,2036,1094,23,20,3,16,11,453,14,20,19,0,8,85,8,16,33.3
Jeremy Doku,beBEL,"FW,MF",Manchester City,22-312,21,14,"1,240",3,4,1,0,1.0,3.5,164,59,221,0.22,0.29,0.07,0.26,N/a,N/a,N/a,N/a,39.1,0.65,0.13,18.3,490,79.8,6902,86.8,82.5,66.7,24,10,40,5,59,59,4.29,9,0.65,26,18,11,4,10,1,9,4,832,3,38,193,623,116,164,55.5,29.3,639,6017,3764,164,77,77,48,50,688,221,6,24,5,47,48,0,10,0.0
Jesper Lindstrøm,dkDEN,FW,Everton,25-034,25,15,"1,239",0,1,2,0,2.1,2.0,30,25,81,0.00,0.07,0.15,0.15,N/a,N/a,N/a,N/a,35.7,0.73,0.00,21.0,297,69.4,4593,86.2,65.7,44.6,19,18,12,7,25,46,3.35,1,0.07,45,25,55,36,15,3,12,12,625,22,127,206,303,40,43,18.6,72.1,302,1627,780,30,19,7,31,24,347,81,15,10,1,71,70,6,12,33.3
Joachim Andersen,dkDEN,DF,Fulham,28-308,21,21,"1,863",0,0,5,1,0.4,0.3,11,93,1,0.00,0.00,0.02,0.02,N/a,N/a,N/a,N/a,100.0,1.00,0.00,25.2,61,73.5,1227,90.5,83.8,42.9,0,9,1,0,4,1,1.00,0,0.00,1,1,2,1,0,0,0,0,93,14,38,50,5,0,0,N/a,N/a,49,189,103,1,1,0,0,1,67,1,2,0,0,1,7,2,0,100.0
Joe Aribo,ngNGA,"MF,DF",Southampton,28-257,29,19,"1,846",3,0,1,0,2.7,1.6,34,69,62,0.15,0.00,0.13,0.08,N/a,N/a,N/a,N/a,43.8,0.34,0.19,13.8,851,88.4,12688,91.0,91.2,68.9,15,49,4,1,69,36,1.76,1,0.05,42,28,32,16,24,9,15,20,1169,46,283,618,279,42,46,39.1,47.8,687,3770,1865,34,26,11,23,16,851,62,19,26,1,9,109,24,20,54.5
Joe Gomez,engENG,DF,Liverpool,27-316,9,6,519,0,0,1,0,0.3,0.1,5,35,2,0.00,0.00,0.06,0.02,N/a,N/a,N/a,N/a,66.7,0.35,0.00,11.9,377,88.7,6689,91.2,93.6,61.9,2,29,0,0,35,5,0.87,1,0.17,13,10,16,5,9,6,3,7,481,54,183,264,37,5,0,N/a,N/a,303,1638,947,5,2,1,1,2,335,2,2,3,0,2,34,9,4,69.2
Joe Lumley,engENG,GK,Southampton,30-048,3,3,270,0,0,0,0,0.0,0.0,0,0,0,0.00,0.00,0.00,0.00,2.33,65.0,0.0,N/a,N/a,0.00,N/a,N/a,106,70.2,2342,95.5,91.3,35.6,0,2,0,0,0,0,0.00,0,0.00,0,0,0,0,0,0,0,0,164,116,161,3,0,0,0,N/a,N/a,103,476,296,0,0,0,0,0,108,0,0,0,0,0,2,2,1,66.7
Joe Willock,engENG,"MF,FW",Newcastle Utd,25-227,26,9,843,0,2,2,0,0.9,1.6,30,34,68,0.00,0.21,0.10,0.17,N/a,N/a,N/a,N/a,23.1,0.32,0.00,17.1,225,82.4,3203,89.0,85.7,43.8,18,20,8,0,34,37,3.95,4,0.43,21,12,26,9,19,3,16,5,408,10,61,169,185,36,31,35.5,45.2,255,1730,801,30,22,11,31,22,286,68,17,11,2,12,32,2,10,16.7
Joelinton,brBRA,"MF,FW",Newcastle Utd,28-233,25,25,"2,094",4,1,9,0,3.8,1.6,37,105,100,0.17,0.04,0.16,0.07,N/a,N/a,N/a,N/a,28.6,0.52,0.10,14.0,763,83.2,10735,88.0,87.4,55.3,20,73,14,1,105,53,2.28,6,0.26,53,32,41,18,33,6,27,22,1209,64,243,581,397,74,43,30.2,62.8,653,3277,1632,37,23,8,35,50,824,100,52,32,6,15,134,51,39,56.7
John McGinn,sctSCO,"MF,FW",Aston Villa,30-168,26,23,"1,867",0,3,6,0,2.2,2.8,27,86,66,0.00,0.14,0.11,0.13,N/a,N/a,N/a,N/a,8.7,0.10,0.00,16.9,606,83.4,10237,91.1,87.0,62.1,25,59,26,7,86,61,2.94,6,0.29,27,18,21,11,16,1,15,11,904,22,143,491,280,44,42,40.5,28.6,502,2489,1068,27,16,5,31,23,641,66,42,57,3,46,87,15,7,68.2
John Stones,engENG,"DF,MF",Manchester City,30-311,11,6,548,2,0,1,0,0.4,0.1,10,21,2,0.33,0.00,0.07,0.01,N/a,N/a,N/a,N/a,100.0,0.33,1.00,5.1,367,91.1,6382,94.4,92.5,77.5,2,42,0,0,21,8,1.31,2,0.33,6,2,5,0,5,3,2,4,442,40,142,234,68,4,2,100.0,0.0,292,2146,1183,10,14,0,2,0,333,2,2,2,0,0,22,8,6,57.1
Jonny Evans,nirNIR,DF,Manchester Utd,37-091,6,3,290,0,0,1,0,0.1,0.0,1,8,2,0.00,0.00,0.03,0.00,N/a,N/a,N/a,N/a,0.0,0.00,0.00,8.4,174,88.8,2809,94.3,90.0,50.0,0,9,1,0,8,2,0.62,0,0.00,7,5,4,2,2,1,1,4,223,30,125,91,11,2,1,100.0,0.0,128,498,183,1,0,0,1,0,137,2,5,6,0,0,15,8,3,72.7
Jordan Ayew,ghGHA,"FW,MF",Leicester City,33-205,25,15,"1,310",4,0,5,0,2.8,0.8,38,31,68,0.27,0.00,0.19,0.05,N/a,N/a,N/a,N/a,0.0,0.00,0.00,5.5,8,80.0,167,100.0,66.7,100.0,1,0,0,0,0,1,4.29,0,0.00,1,0,0,0,0,0,0,0,12,0,0,7,5,1,0,N/a,N/a,6,25,12,0,0,0,0,1,9,1,1,0,0,1,1,1,1,50.0
Jordan Pickford,engENG,GK,Everton,31-028,30,30,"2,700",0,1,6,0,0.0,0.4,0,0,0,0.00,0.03,0.00,0.01,1.23,69.7,30.0,100.0,N/a,0.00,N/a,N/a,817,65.3,26454,99.2,98.2,46.5,2,59,7,0,0,10,0.33,1,0.03,1,0,2,1,0,0,0,1,1339,875,1276,64,0,0,0,N/a,N/a,744,4515,2615,0,0,0,1,0,649,0,0,6,0,0,28,4,1,80.0
Jorge Cuenca,esESP,DF,Fulham,25-138,6,3,259,0,0,0,0,0.0,0.0,0,9,0,0.00,0.00,0.01,0.00,N/a,N/a,N/a,N/a,0.0,0.00,0.00,13.1,102,83.6,1768,89.5,88.2,42.9,0,7,0,0,9,1,0.35,0,0.00,2,2,5,3,3,3,0,2,152,23,88,59,6,1,2,100.0,0.0,65,235,116,0,1,0,1,0,92,0,2,2,0,1,9,6,3,66.7
Jorginho,itITA,MF,Arsenal,33-105,12,7,543,0,0,4,0,0.0,0.4,9,37,3,0.00,0.00,0.01,0.07,N/a,N/a,N/a,N/a,0.0,0.00,0.00,22.5,308,85.8,4760,89.7,88.3,57.7,3,33,8,0,37,9,1.49,0,0.00,10,3,16,10,2,0,2,5,396,7,78,228,95,2,3,33.3,33.3,231,1152,660,9,8,0,8,8,290,3,12,13,0,1,44,1,4,20.0
Joshua Acheampong,engENG,DF,Chelsea,18-334,4,2,170,0,0,1,0,0.2,0.0,0,8,0,0.00,0.00,0.12,0.00,N/a,N/a,N/a,N/a,0.0,0.00,0.00,8.9,104,83.9,2025,90.6,92.6,55.0,0,6,0,0,8,2,1.06,0,0.00,2,1,2,0,1,0,1,1,137,7,48,81,8,3,2,50.0,0.0,106,709,409,0,2,0,2,0,111,0,0,1,0,0,7,1,6,14.3
Joshua Zirkzee,nlNED,"FW,MF",Manchester Utd,23-317,30,13,"1,328",3,1,2,0,4.5,1.5,12,41,68,0.20,0.07,0.30,0.10,N/a,N/a,N/a,N/a,36.0,0.61,0.12,13.0,278,71.6,3419,78.2,76.6,50.0,12,24,5,0,41,28,1.90,3,0.20,13,7,10,5,14,4,10,5,556,16,68,288,205,51,33,27.3,72.7,310,1369,458,12,20,4,40,29,397,68,9,12,3,4,54,19,49,27.9
José Sá,ptPOR,GK,Wolves,32-077,23,23,"2,070",0,0,2,0,0.0,0.1,0,2,0,0.00,0.00,0.00,0.01,1.78,62.2,26.1,20.0,N/a,0.00,N/a,N/a,459,63.0,11996,98.9,97.0,29.8,2,17,1,0,2,4,0.17,0,0.00,2,2,2,0,0,0,0,0,783,625,776,8,0,0,6,100.0,0.0,483,2963,1890,0,0,0,1,0,379,0,3,7,0,0,27,8,0,100.0
Jota Silva,ptPOR,"FW,MF",Nott'ham Forest,25-246,25,4,725,2,1,4,0,1.5,2.8,17,14,47,0.25,0.12,0.19,0.35,N/a,N/a,N/a,N/a,23.5,0.50,0.12,14.8,102,61.1,1372,77.6,61.2,33.3,13,2,9,3,14,27,3.35,3,0.37,22,11,24,20,9,1,8,12,307,18,77,83,158,40,30,33.3,40.0,153,1008,545,17,10,7,23,11,170,47,18,20,6,19,40,19,24,44.2
João Félix,ptPOR,"FW,MF",Chelsea,25-145,12,3,369,1,1,2,0,2.2,1.0,21,26,30,0.24,0.24,0.54,0.23,N/a,N/a,N/a,N/a,25.0,1.22,0.05,15.9,171,85.9,2588,90.5,91.2,66.7,6,22,8,0,26,18,4.38,3,0.73,8,3,9,4,2,0,2,3,272,2,26,128,125,30,31,32.3,45.2,193,1248,712,21,13,5,6,4,218,30,6,17,1,0,22,4,5,44.4
João Gomes,brBRA,MF,Wolves,24-051,28,28,"2,339",3,1,10,1,2.4,1.1,45,136,58,0.12,0.04,0.09,0.04,N/a,N/a,N/a,N/a,26.9,0.27,0.12,17.5,1067,85.2,15523,90.3,86.4,62.2,20,101,19,1,136,54,2.08,3,0.12,87,51,86,51,34,3,31,25,1546,55,331,854,379,34,44,45.5,40.9,784,4599,2229,45,41,5,31,42,1020,58,59,30,1,23,145,9,20,31.0
João Pedro,brBRA,"FW,MF",Brighton,23-190,24,21,"1,770",8,6,4,0,7.2,4.3,60,67,115,0.41,0.31,0.36,0.22,N/a,N/a,N/a,N/a,37.5,0.76,0.13,16.4,425,72.5,5963,77.7,74.8,64.9,23,37,32,4,67,59,3.00,9,0.46,15,11,10,7,12,0,12,7,836,10,50,344,453,111,72,34.7,54.2,543,3345,1569,60,32,29,68,35,660,115,21,42,2,20,51,39,39,50.0
Joël Veltman,nlNED,DF,Brighton,33-079,19,19,"1,643",0,0,4,0,0.5,0.5,29,79,32,0.00,0.00,0.03,0.03,N/a,N/a,N/a,N/a,16.7,0.05,0.00,19.7,716,80.0,12082,89.8,80.6,63.3,6,61,8,5,79,22,1.21,1,0.05,42,28,51,21,22,7,15,18,1097,64,327,540,240,10,15,26.7,33.3,524,2780,1414,29,22,3,19,7,598,32,26,42,0,23,67,21,18,53.8
Joško Gvardiol,hrCRO,DF,Manchester City,23-071,29,28,"2,557",5,0,1,0,4.2,2.0,73,213,95,0.18,0.00,0.15,0.07,N/a,N/a,N/a,N/a,31.4,0.39,0.14,13.3,1918,90.3,30774,94.0,92.2,69.0,25,181,19,1,213,63,2.22,6,0.21,48,32,34,15,33,15,18,30,2423,100,579,1159,706,81,38,57.9,34.2,1553,8052,4441,73,88,13,21,15,1767,95,12,18,2,19,116,42,26,61.8
Julian Araujo,mxMEX,DF,Bournemouth,23-234,8,5,355,0,0,1,0,0.0,0.0,2,14,11,0.00,0.00,0.00,0.00,N/a,N/a,N/a,N/a,N/a,0.00,N/a,N/a,131,78.9,2297,89.6,85.9,40.9,0,15,1,0,14,2,0.51,0,0.00,7,3,10,6,3,0,3,4,200,15,68,103,32,1,0,N/a,N/a,84,290,138,2,0,0,4,2,100,11,4,1,0,4,24,2,6,25.0
Julio Enciso,pyPAR,"MF,FW",Ipswich Town,21-071,6,5,340,0,2,2,0,0.7,1.0,10,16,17,0.00,0.53,0.18,0.26,N/a,N/a,N/a,N/a,33.3,1.32,0.00,23.2,94,70.1,1479,76.7,73.9,54.5,6,6,4,0,16,17,4.50,2,0.53,4,2,1,0,2,0,2,1,189,1,21,95,79,8,23,60.9,39.1,93,698,401,10,10,4,8,16,131,17,3,7,0,8,24,4,10,28.6
Julio Enciso,pyPAR,"MF,FW",Ipswich Town,21-071,6,5,340,0,2,2,0,0.7,1.0,10,16,17,0.00,0.53,0.18,0.26,N/a,N/a,N/a,N/a,33.3,1.32,0.00,23.2,94,70.1,1479,76.7,73.9,54.5,6,6,4,0,16,17,4.50,2,0.53,4,2,1,0,2,0,2,1,189,1,21,95,79,8,23,60.9,39.1,93,698,401,10,10,4,8,16,131,17,3,7,0,8,24,4,10,28.6
Jurriën Timber,nlNED,DF,Arsenal,23-291,27,26,"2,275",1,2,7,0,1.0,0.8,53,138,102,0.04,0.08,0.04,0.03,N/a,N/a,N/a,N/a,30.8,0.16,0.08,14.8,1100,85.3,15829,90.6,85.5,54.3,16,98,16,2,138,50,1.98,8,0.32,54,36,25,8,19,4,15,21,1545,50,278,790,484,64,51,45.1,45.1,823,3587,1892,53,26,11,32,23,961,102,30,27,6,28,90,21,19,52.5
Justin Devenny,nirNIR,MF,Crystal Palace,21-175,15,3,323,1,0,0,0,0.5,0.3,3,10,9,0.28,0.00,0.14,0.10,N/a,N/a,N/a,N/a,50.0,0.84,0.17,22.2,98,70.0,1559,81.5,69.4,36.8,5,13,2,1,10,9,2.50,0,0.00,10,7,13,6,3,0,3,0,188,6,36,93,64,5,4,50.0,50.0,82,427,198,3,4,1,9,2,112,9,4,0,1,16,14,1,10,9.1
Justin Kluivert,nlNED,"MF,FW",Bournemouth,25-334,28,24,"1,936",12,6,6,0,9.9,4.7,64,88,132,0.56,0.28,0.46,0.22,N/a,N/a,N/a,N/a,44.0,1.02,0.12,20.1,451,72.5,7052,82.3,75.2,52.8,43,37,26,4,88,88,4.09,11,0.51,20,9,19,15,20,0,20,13,879,21,87,295,517,111,76,40.8,47.4,511,3273,1885,64,44,33,44,24,562,132,38,25,5,71,66,7,22,24.1
Jáder Durán,coCOL,FW,Aston Villa,21-112,20,4,638,7,0,3,1,4.9,0.2,7,13,44,0.99,0.00,0.69,0.03,N/a,N/a,N/a,N/a,48.4,2.12,0.23,15.6,115,70.6,1558,81.0,68.0,45.5,4,10,1,0,13,18,2.54,1,0.14,8,7,4,3,5,0,5,0,263,13,36,110,122,47,14,21.4,64.3,133,535,267,7,7,2,16,15,192,44,14,15,5,3,19,19,19,50.0
Jørgen Strand Larsen,noNOR,FW,Wolves,25-057,28,25,"2,156",10,2,3,0,6.8,2.4,12,24,81,0.42,0.08,0.28,0.10,N/a,N/a,N/a,N/a,65.9,1.13,0.24,12.4,236,64.3,3051,71.1,63.5,76.9,19,16,4,1,24,35,1.46,3,0.13,8,5,23,19,17,4,13,4,587,30,78,279,231,81,14,42.9,57.1,266,944,382,12,11,7,71,27,423,81,39,16,12,5,39,54,79,40.6
Kai Havertz,deGER,"FW,MF",Arsenal,25-297,21,21,"1,839",9,3,4,0,9.4,2.4,34,59,110,0.44,0.15,0.46,0.12,N/a,N/a,N/a,N/a,40.4,1.03,0.17,11.7,401,78.5,4833,84.1,82.5,45.5,16,26,8,1,59,41,2.01,3,0.15,16,9,15,11,22,4,18,6,768,31,88,282,403,103,38,23.7,63.2,411,1957,922,34,23,18,42,22,575,110,36,21,14,11,39,62,73,45.9
Kalvin Phillips,engENG,MF,Ipswich Town,29-123,18,14,"1,214",0,0,6,1,0.4,0.2,4,49,4,0.00,0.00,0.03,0.02,N/a,N/a,N/a,N/a,20.0,0.15,0.00,24.2,426,79.3,8392,82.9,86.6,62.1,5,48,6,1,49,17,1.26,3,0.22,34,19,38,23,35,6,29,19,722,60,220,388,118,4,12,41.7,50.0,302,1447,541,4,5,0,24,10,383,4,28,19,0,18,68,7,21,25.0
Kamaldeen Sulemana,ghGHA,"FW,MF",Southampton,23-048,18,9,822,1,0,0,0,0.9,0.4,37,15,57,0.11,0.00,0.09,0.04,N/a,N/a,N/a,N/a,35.7,0.55,0.07,18.7,178,78.4,2578,87.3,81.2,43.8,6,4,7,5,15,20,2.19,2,0.22,12,10,9,3,8,0,8,4,358,9,41,138,190,33,66,39.4,51.5,234,1985,976,37,26,15,30,17,256,57,9,9,1,18,40,6,19,24.0
Kaoru Mitoma,jpJPN,"FW,MF",Brighton,27-319,30,27,"2,405",7,3,1,0,7.5,4.4,133,79,267,0.26,0.11,0.28,0.16,N/a,N/a,N/a,N/a,46.9,0.86,0.14,14.0,671,75.6,8786,86.7,71.4,44.9,34,31,32,8,79,80,2.99,8,0.30,39,22,44,27,44,3,41,13,1235,14,139,429,692,149,123,38.2,57.7,741,6004,3508,133,72,53,48,21,865,267,36,22,5,68,86,24,25,49.0
Kasey McAteer,ieIRL,"FW,MF",Leicester City,23-133,12,4,395,0,1,1,0,0.6,0.4,13,8,36,0.00,0.23,0.13,0.08,N/a,N/a,N/a,N/a,33.3,0.46,0.00,15.8,98,69.5,1365,85.5,67.5,50.0,5,6,3,1,8,12,2.73,1,0.23,11,8,14,8,8,1,7,2,200,15,47,77,82,16,9,11.1,55.6,116,795,387,13,8,6,6,4,132,36,9,10,2,13,24,9,12,42.9
Keane Lewis-Potter,engENG,"DF,FW",Brentford,24-041,30,28,"2,459",1,2,5,0,2.5,2.0,86,84,130,0.04,0.07,0.09,0.07,N/a,N/a,N/a,N/a,50.0,0.48,0.04,20.9,787,77.2,12864,88.7,78.8,51.1,20,51,37,12,84,59,2.16,7,0.26,40,24,41,15,24,9,15,15,1298,80,381,499,432,67,84,36.9,53.6,682,4996,2626,86,56,33,39,17,771,130,13,23,4,62,119,25,31,44.6
Kenny Tete,nlNED,DF,Fulham,29-177,15,15,"1,262",0,2,3,0,1.0,0.7,33,42,39,0.00,0.14,0.07,0.05,N/a,N/a,N/a,N/a,11.1,0.14,0.00,16.4,576,81.6,9210,91.5,80.0,63.9,5,53,6,4,42,23,1.64,3,0.21,41,27,28,11,19,6,13,28,879,48,271,382,232,26,16,43.8,25.0,459,2287,1114,33,17,7,16,10,511,39,23,12,0,19,49,15,11,57.7
Kepa Arrizabalaga,esESP,GK,Bournemouth,30-183,23,23,"2,070",0,0,3,0,0.1,0.0,0,0,0,0.00,0.00,0.00,0.00,1.35,74.5,21.7,0.0,0.0,0.00,0.00,9.7,534,71.1,14866,97.6,97.8,46.9,1,8,0,0,0,4,0.17,0,0.00,1,0,1,1,1,0,1,0,801,588,781,19,1,1,1,100.0,0.0,464,2281,1313,0,0,0,0,0,358,0,2,4,0,0,44,4,1,80.0
Kevin Danso,atAUT,DF,Tottenham,26-197,4,4,347,0,0,0,0,0.3,0.0,2,7,0,0.00,0.00,0.09,0.01,N/a,N/a,N/a,N/a,50.0,0.52,0.00,11.3,261,90.9,4534,93.3,94.3,55.0,1,14,1,1,7,3,0.78,2,0.52,5,4,6,2,4,4,0,2,334,42,179,141,15,7,2,50.0,50.0,242,1075,466,2,0,0,6,0,254,0,4,4,0,1,11,7,6,53.8
Kevin De Bruyne,beBEL,MF,Manchester City,33-280,20,12,"1,103",2,6,2,0,2.6,6.1,38,113,105,0.16,0.49,0.22,0.50,N/a,N/a,N/a,N/a,24.3,0.73,0.05,22.5,634,77.3,10799,86.4,78.9,61.3,41,61,44,9,113,80,6.52,10,0.82,11,5,15,12,6,0,6,5,941,10,61,315,572,54,24,41.7,45.8,539,2756,1472,38,35,15,19,20,709,105,11,11,4,85,43,3,11,21.4
Kevin Schade,deGER,FW,Brentford,23-128,30,18,"1,665",7,2,2,0,5.9,3.1,48,30,129,0.38,0.11,0.32,0.17,N/a,N/a,N/a,N/a,42.9,0.97,0.17,11.8,248,57.8,3892,67.5,58.3,45.7,17,27,7,2,30,42,2.27,8,0.43,29,20,18,7,13,2,11,4,681,29,103,186,401,109,71,32.4,59.2,346,2455,1060,48,21,30,41,32,423,129,16,28,12,31,58,71,53,57.3
Kieran Trippier,engENG,DF,Newcastle Utd,34-197,18,8,786,0,0,1,0,0.0,0.6,16,51,30,0.00,0.00,0.01,0.07,N/a,N/a,N/a,N/a,0.0,0.00,0.00,19.5,623,82.4,10368,94.9,85.3,43.6,10,35,6,1,51,28,3.21,0,0.00,24,16,25,11,5,1,4,11,831,31,258,353,226,8,3,66.7,33.3,383,1422,787,16,6,3,6,4,515,30,13,4,1,44,42,12,9,57.1
Kiernan Dewsbury-Hall,engENG,"MF,FW",Chelsea,26-210,10,1,200,0,1,0,0,0.2,1.0,5,11,9,0.00,0.45,0.10,0.44,N/a,N/a,N/a,N/a,0.0,0.00,0.00,7.8,106,84.8,1622,89.4,88.0,50.0,2,8,1,0,11,4,1.79,1,0.45,5,3,5,2,1,0,1,1,148,3,23,75,50,5,3,33.3,66.7,77,416,197,5,1,0,1,3,117,9,4,4,0,1,6,0,1,0.0
Kobbie Mainoo,engENG,MF,Manchester Utd,19-350,18,15,"1,285",0,0,5,0,0.5,1.5,19,52,35,0.00,0.00,0.04,0.11,N/a,N/a,N/a,N/a,10.0,0.07,0.00,20.2,580,86.3,7733,91.8,88.4,74.3,13,44,9,0,52,25,1.75,1,0.07,37,24,33,13,15,2,13,17,845,17,165,477,210,30,41,48.8,46.3,526,2343,1032,19,12,9,23,29,598,35,23,19,2,4,72,16,25,39.0
Konstantinos Mavropanos,grGRE,DF,West Ham,27-114,26,18,"1,752",0,0,5,1,1.2,0.5,15,57,2,0.00,0.00,0.06,0.02,N/a,N/a,N/a,N/a,31.3,0.26,0.00,15.4,909,85.5,17985,90.6,91.8,58.9,4,58,4,1,57,14,0.72,0,0.00,32,22,25,11,20,15,5,37,1293,192,669,572,59,21,17,52.9,29.4,710,3557,1959,15,10,1,12,0,840,2,16,13,2,2,64,53,21,71.6
Kosta Nedeljković,rsSRB,DF,Aston Villa,19-109,5,0,126,0,0,0,0,0.0,0.0,1,6,0,0.00,0.00,0.00,0.00,N/a,N/a,N/a,N/a,N/a,0.00,N/a,N/a,47,88.7,853,95.7,84.0,80.0,0,5,0,0,6,0,0.00,0,0.00,7,5,3,1,1,0,1,0,66,4,15,32,19,0,2,50.0,50.0,27,101,33,1,0,0,1,0,32,0,0,1,0,1,4,0,1,0.0
Kostas Tsimikas,grGRE,DF,Liverpool,28-327,14,5,517,0,1,2,0,0.1,1.0,13,53,25,0.00,0.17,0.02,0.18,N/a,N/a,N/a,N/a,33.3,0.17,0.00,18.3,362,85.4,6120,94.2,89.9,52.5,7,30,7,1,53,16,2.78,2,0.35,23,14,15,3,5,2,3,7,487,23,121,220,148,8,4,75.0,25.0,231,1012,570,13,5,2,4,2,306,25,9,3,0,36,21,5,5,50.0
Kristoffer Ajer,noNOR,DF,Brentford,26-352,17,15,"1,213",0,0,4,0,0.7,1.2,25,48,38,0.00,0.00,0.05,0.09,N/a,N/a,N/a,N/a,28.6,0.15,0.00,10.1,433,78.7,6821,86.4,80.6,51.0,7,38,6,4,48,17,1.26,2,0.15,20,14,22,12,14,3,11,11,674,42,220,316,143,33,14,50.0,42.9,337,1899,1092,25,9,2,12,11,435,38,10,6,1,13,33,26,20,56.5
Kyle Walker,engENG,DF,Manchester City,34-311,15,9,970,0,0,3,0,0.1,0.4,12,64,11,0.00,0.00,0.01,0.04,N/a,N/a,N/a,N/a,40.0,0.19,0.00,27.7,724,87.7,11928,94.6,91.3,51.2,7,63,7,4,64,17,1.58,0,0.00,17,10,26,12,13,4,9,3,892,26,197,473,228,5,6,50.0,33.3,499,2284,1106,12,13,0,9,2,630,11,6,5,1,14,46,9,7,56.3
Kyle Walker-Peters,engENG,DF,Southampton,27-356,28,28,"2,468",0,2,5,0,0.6,2.6,102,120,121,0.00,0.07,0.02,0.09,N/a,N/a,N/a,N/a,29.4,0.18,0.00,19.1,1292,88.3,19567,93.8,90.2,60.8,21,98,25,3,120,50,1.82,6,0.22,37,23,31,17,25,14,11,15,1734,128,524,760,463,52,74,40.5,45.9,1069,6833,3775,102,62,22,25,34,1221,121,25,42,2,48,113,9,20,31.0
Lamare Bogarde,nlNED,"DF,MF",Aston Villa,21-089,8,5,476,0,0,2,0,0.0,0.1,12,14,9,0.00,0.00,0.01,0.02,N/a,N/a,N/a,N/a,100.0,0.19,0.00,20.2,240,88.2,3682,92.8,92.2,33.3,2,24,1,0,14,10,1.89,1,0.19,14,6,16,6,5,3,2,1,325,16,95,191,40,4,4,50.0,25.0,173,1031,599,12,6,1,6,8,212,9,8,11,0,0,13,6,6,50.0
Leandro Trossard,beBEL,FW,Arsenal,30-121,30,21,"1,911",4,5,4,1,5.1,5.0,64,81,173,0.19,0.24,0.24,0.24,N/a,N/a,N/a,N/a,26.4,0.66,0.08,16.6,510,73.0,8469,84.5,74.3,53.2,34,35,41,9,81,71,3.34,6,0.28,25,16,28,19,24,0,24,9,940,13,107,284,564,109,65,41.5,44.6,595,3696,1654,64,41,22,42,36,692,173,19,36,5,74,80,5,20,20.0
Leif Davis,engENG,DF,Ipswich Town,25-082,28,28,"2,461",1,2,5,0,0.9,4.3,47,55,117,0.04,0.07,0.03,0.16,N/a,N/a,N/a,N/a,14.3,0.07,0.07,20.4,830,71.5,14274,85.7,77.2,37.8,53,29,26,11,55,84,3.07,4,0.15,45,26,46,17,22,7,15,23,1415,108,495,468,471,36,37,35.1,45.9,642,3504,1900,47,27,10,35,14,753,117,23,30,3,143,107,31,22,58.5
Leny Yoro,frFRA,DF,Manchester Utd,19-142,15,8,787,0,0,3,0,0.7,0.0,14,42,4,0.00,0.00,0.08,0.00,N/a,N/a,N/a,N/a,20.0,0.11,0.00,8.6,488,92.8,7888,95.7,95.1,66.7,0,35,2,1,42,4,0.46,0,0.00,21,10,14,6,5,3,2,13,609,48,270,295,46,10,1,100.0,0.0,425,2147,1160,14,9,1,2,0,456,4,7,1,1,1,24,10,13,43.5
Leon Bailey,jmJAM,"FW,MF",Aston Villa,27-238,23,14,"1,138",1,2,3,0,1.7,1.5,57,35,121,0.08,0.16,0.14,0.12,N/a,N/a,N/a,N/a,21.4,0.47,0.04,17.3,273,70.7,4275,81.4,81.1,47.4,16,16,20,2,35,38,3.01,4,0.32,6,4,10,8,6,0,6,3,539,18,76,155,318,69,57,38.6,42.1,344,2540,1334,57,22,33,35,25,386,121,12,18,3,34,59,6,9,40.0
Lesley Ugochukwu,frFRA,MF,Southampton,21-009,19,11,"1,095",0,1,4,0,0.4,1.0,21,43,17,0.00,0.08,0.03,0.08,N/a,N/a,N/a,N/a,0.0,0.00,0.00,19.7,414,85.0,6242,88.1,93.2,50.0,12,41,6,1,43,19,1.56,1,0.08,42,20,29,15,21,6,15,5,612,29,129,363,126,16,22,72.7,22.7,333,1812,854,21,11,5,7,8,417,17,22,12,0,5,43,13,12,52.0
Levi Colwill,engENG,DF,Chelsea,22-037,28,28,"2,519",1,1,7,0,0.7,1.1,10,109,7,0.04,0.04,0.03,0.04,N/a,N/a,N/a,N/a,20.0,0.07,0.10,8.8,1955,89.6,35488,92.8,94.9,58.5,12,129,6,2,109,33,1.18,3,0.11,34,23,24,9,30,22,8,28,2406,300,1110,1204,100,25,8,62.5,37.5,1368,6203,3424,10,10,1,10,7,1766,7,33,17,4,10,91,69,42,62.2
Lewis Cook,engENG,"MF,DF",Bournemouth,28-060,29,27,"2,482",1,3,6,0,0.9,3.9,32,145,45,0.04,0.11,0.03,0.14,N/a,N/a,N/a,N/a,30.8,0.15,0.08,23.7,1050,77.0,18181,85.7,85.1,45.5,45,141,24,9,145,82,2.97,5,0.18,69,38,59,27,24,7,17,38,1632,70,379,860,412,19,16,62.5,37.5,727,3626,2007,32,26,4,27,15,817,45,44,9,2,111,163,37,29,56.1
Lewis Dunk,engENG,DF,Brighton,33-134,20,18,"1,633",0,0,4,0,0.7,0.5,18,118,3,0.00,0.00,0.04,0.03,N/a,N/a,N/a,N/a,20.0,0.11,0.00,13.4,1408,91.0,26357,96.9,95.4,62.7,6,132,4,0,118,16,0.88,3,0.17,15,8,14,5,20,14,6,10,1677,211,815,785,87,16,1,0.0,100.0,1030,4898,2684,18,16,0,5,3,1226,3,6,8,2,2,88,39,25,60.9
Lewis Hall,engENG,DF,Newcastle Utd,20-208,27,24,"2,189",0,4,3,0,0.4,4.3,41,123,80,0.00,0.16,0.02,0.18,N/a,N/a,N/a,N/a,9.1,0.04,0.00,18.8,1300,81.7,21999,91.3,85.1,51.5,34,114,17,5,123,63,2.59,6,0.25,58,41,74,34,33,18,15,18,1820,95,623,804,414,47,21,52.4,33.3,950,4398,2358,41,22,13,33,20,1094,80,9,21,1,110,119,30,31,49.2
Lewis Miley,engENG,MF,Newcastle Utd,18-338,9,1,193,1,0,0,0,0.5,0.0,1,12,4,0.47,0.00,0.25,0.01,N/a,N/a,N/a,N/a,66.7,0.93,0.33,14.6,112,88.9,1657,87.9,95.5,85.7,1,8,4,0,12,2,0.93,0,0.00,6,5,7,3,5,1,4,2,157,5,33,90,35,5,2,0.0,50.0,77,400,158,1,0,0,4,0,112,4,1,1,0,0,10,5,3,62.5
Liam Delap,engENG,FW,Ipswich Town,22-055,29,28,"2,244",11,2,8,0,8.5,1.9,57,27,96,0.44,0.08,0.34,0.07,N/a,N/a,N/a,N/a,43.9,1.00,0.16,16.1,193,62.5,2691,70.1,64.5,42.9,20,15,5,0,27,58,2.33,7,0.28,10,7,13,11,8,0,8,2,590,26,69,245,292,81,73,46.6,42.5,391,2907,1369,57,40,27,89,53,463,96,63,43,13,3,55,48,58,45.3
Lisandro Martínez,arARG,DF,Manchester Utd,27-076,20,20,"1,751",2,1,7,0,1.3,1.1,23,117,7,0.10,0.05,0.07,0.06,N/a,N/a,N/a,N/a,35.3,0.31,0.12,15.9,1200,89.4,20292,94.2,93.0,55.2,9,91,18,2,117,26,1.34,2,0.10,40,24,36,15,22,8,14,32,1524,156,713,697,125,18,7,85.7,14.3,1017,5141,3129,23,23,2,1,3,1069,7,22,7,0,9,81,16,13,55.2
Lloyd Kelly,engENG,DF,Newcastle Utd,26-180,10,4,303,0,1,2,0,0.4,0.5,0,9,5,0.00,0.30,0.12,0.14,N/a,N/a,N/a,N/a,0.0,0.00,0.00,7.3,146,80.7,2636,87.7,89.7,41.7,2,6,1,1,9,2,0.59,1,0.30,5,4,1,0,6,4,2,1,215,26,105,94,19,4,3,66.7,33.3,120,474,202,0,2,0,3,2,129,5,5,5,1,1,19,6,2,75.0
Lucas Bergvall,seSWE,MF,Tottenham,19-061,23,9,997,0,1,3,0,0.6,0.4,26,44,23,0.00,0.09,0.05,0.04,N/a,N/a,N/a,N/a,9.1,0.09,0.00,20.5,561,88.8,9259,92.2,91.3,75.4,8,46,7,3,44,15,1.35,3,0.27,34,18,28,12,16,7,9,20,774,33,165,422,199,17,42,50.0,40.5,465,2970,1403,26,18,4,19,14,515,23,16,13,0,15,62,8,8,50.0
Lucas Digne,frFRA,DF,Aston Villa,31-258,29,26,"2,151",0,4,3,0,0.8,4.1,21,51,135,0.00,0.17,0.03,0.17,N/a,N/a,N/a,N/a,23.1,0.13,0.00,22.7,893,75.1,14338,88.2,78.7,37.7,34,41,27,17,51,59,2.47,5,0.21,60,34,58,18,23,4,19,25,1422,86,485,434,513,28,18,50.0,44.4,652,2822,1253,21,14,4,17,15,778,135,18,13,7,136,95,32,26,55.2
Lucas Paquetá,brBRA,"MF,FW",West Ham,27-220,26,22,"1,897",4,0,7,0,5.1,2.2,16,108,71,0.19,0.00,0.24,0.10,N/a,N/a,N/a,N/a,8.6,0.14,0.06,19.3,843,76.8,13713,84.6,77.9,60.8,28,97,30,2,108,64,3.04,5,0.24,59,34,43,21,24,3,21,15,1371,40,267,755,360,52,31,38.7,51.6,690,2348,965,16,26,2,42,45,957,71,43,44,6,24,117,36,51,41.4
Luis Díaz,coCOL,FW,Liverpool,28-081,29,23,"1,935",9,5,2,0,7.9,3.8,94,93,238,0.42,0.23,0.37,0.17,N/a,N/a,N/a,N/a,40.4,1.07,0.16,14.0,619,84.8,9859,89.6,86.8,81.7,45,38,35,3,93,99,4.60,16,0.74,28,18,31,20,14,0,14,6,982,13,68,346,587,137,101,45.5,43.6,649,4865,2568,94,48,52,48,40,770,238,43,26,8,23,85,10,26,27.8
Luis Guilherme,brBRA,"MF,FW",West Ham,19-054,8,1,102,0,0,0,0,0.0,0.1,1,3,8,0.00,0.00,0.03,0.07,N/a,N/a,N/a,N/a,0.0,0.00,0.00,23.7,32,86.5,515,95.5,80.0,75.0,3,1,3,2,3,7,6.18,0,0.00,1,0,1,1,6,0,6,3,57,3,14,21,22,2,4,0.0,50.0,25,174,77,1,2,1,1,0,35,8,0,4,0,5,5,1,1,50.0
Luis Sinisterra,coCOL,"FW,MF",Bournemouth,25-291,12,1,236,1,1,0,0,1.2,1.4,19,6,38,0.38,0.38,0.46,0.54,N/a,N/a,N/a,N/a,46.2,2.29,0.08,14.8,73,78.5,1067,91.7,68.8,100.0,9,6,2,2,6,14,5.29,1,0.38,7,2,4,4,3,0,3,1,155,7,18,41,96,23,20,40.0,50.0,95,744,393,19,6,10,6,3,102,38,4,2,1,7,17,3,7,30.0
Luke Thomas,engENG,DF,Leicester City,23-298,6,5,453,0,0,1,0,0.0,0.1,2,15,8,0.00,0.00,0.01,0.02,N/a,N/a,N/a,N/a,0.0,0.00,0.00,25.6,204,78.8,3311,90.7,82.6,41.9,2,15,2,1,15,2,0.40,0,0.00,16,12,18,5,8,4,4,6,325,26,135,150,42,4,4,25.0,75.0,151,544,247,2,2,1,5,0,178,8,2,3,0,8,19,5,8,38.5
Luke Woolfenden,engENG,DF,Ipswich Town,26-165,13,10,"1,007",0,0,2,0,0.0,0.0,7,15,0,0.00,0.00,0.00,0.00,N/a,N/a,N/a,N/a,0.0,0.00,0.00,12.9,437,87.9,8028,96.4,93.7,52.3,0,27,0,0,15,2,0.18,0,0.00,9,6,5,3,17,11,6,18,608,126,345,254,9,3,0,N/a,N/a,331,1900,1111,7,3,0,4,0,389,0,5,2,1,0,33,15,11,57.7
Mads Hermansen,dkDEN,GK,Leicester City,24-267,23,23,"2,025",0,0,0,0,0.0,0.0,0,1,0,0.00,0.00,0.00,0.00,2.18,63.1,4.3,50.0,N/a,0.00,N/a,N/a,553,62.3,14332,98.5,95.3,33.5,0,15,1,0,1,2,0.09,0,0.00,1,1,1,0,1,0,1,0,947,683,910,39,0,0,1,100.0,0.0,594,2993,1589,0,0,0,1,0,510,0,0,2,0,0,14,4,1,80.0
Mads Roerslev,dkDEN,DF,Brentford,25-284,19,11,"1,101",0,2,2,0,0.2,3.0,17,51,54,0.00,0.16,0.02,0.24,N/a,N/a,N/a,N/a,40.0,0.16,0.00,20.8,422,78.7,6925,88.0,79.9,55.1,14,37,11,4,51,21,1.72,2,0.16,18,8,28,17,12,5,7,4,645,49,234,268,146,20,19,36.8,42.1,352,1630,858,17,13,0,9,6,407,54,6,10,0,31,39,10,14,41.7
Malo Gusto,frFRA,DF,Chelsea,21-320,25,18,"1,641",0,1,3,0,1.7,1.0,42,97,74,0.00,0.05,0.09,0.05,N/a,N/a,N/a,N/a,15.0,0.16,0.00,20.9,1056,86.5,17193,93.8,87.9,61.8,16,94,12,4,97,46,2.52,4,0.22,41,26,42,20,28,8,20,19,1408,52,350,682,387,38,14,28.6,64.3,760,3844,1945,42,31,6,15,15,936,74,17,16,2,43,101,7,12,36.8
Manuel Akanji,chSUI,DF,Manchester City,29-259,20,20,"1,707",0,0,3,0,0.7,0.4,38,135,6,0.00,0.00,0.04,0.02,N/a,N/a,N/a,N/a,10.0,0.05,0.00,16.3,1389,93.9,22799,96.0,95.5,73.9,9,149,11,2,135,34,1.79,2,0.11,15,10,12,5,11,8,3,7,1591,108,472,773,348,11,2,100.0,0.0,1041,5502,3286,38,52,0,4,5,1258,6,16,9,0,11,86,23,29,44.2
Manuel Ugarte Ribeiro,uyURU,MF,Manchester Utd,23-358,22,17,"1,372",1,0,8,0,0.5,0.6,9,46,15,0.07,0.00,0.03,0.04,N/a,N/a,N/a,N/a,18.2,0.13,0.09,22.0,592,87.4,9809,88.9,93.6,75.8,7,42,6,2,46,23,1.51,1,0.07,63,38,52,31,24,3,21,22,879,35,253,493,147,12,24,45.8,37.5,496,2026,861,9,9,1,25,18,533,15,32,26,0,5,94,14,16,46.7
Marc Cucurella,esESP,DF,Chelsea,26-256,28,26,"2,344",4,1,9,1,2.2,1.7,29,91,96,0.15,0.04,0.08,0.07,N/a,N/a,N/a,N/a,41.2,0.27,0.24,16.1,1356,88.1,21128,94.4,89.8,55.3,14,100,10,3,91,38,1.46,4,0.15,52,35,46,22,38,11,27,20,1784,91,542,826,423,59,11,36.4,54.5,764,3181,1871,29,14,2,25,5,1122,96,30,29,3,28,105,23,46,33.3
Marc Guéhi,engENG,DF,Crystal Palace,24-265,28,28,"2,520",3,2,7,0,1.7,1.1,17,118,8,0.11,0.07,0.06,0.04,N/a,N/a,N/a,N/a,50.0,0.21,0.25,9.8,1231,83.2,23816,91.1,88.6,55.9,9,112,9,3,118,30,1.07,4,0.14,50,28,40,13,50,21,29,22,1779,265,905,772,112,24,14,78.6,14.3,936,4738,2485,17,14,1,14,12,1090,8,18,24,1,11,126,63,45,58.3
Marco Asensio,esESP,"MF,FW",Aston Villa,29-073,5,2,233,3,1,0,0,1.8,0.3,10,17,8,1.16,0.39,0.70,0.11,N/a,N/a,N/a,N/a,55.6,1.93,0.33,16.9,78,77.2,1083,88.2,84.4,30.0,5,8,6,1,17,8,3.09,1,0.39,2,1,6,4,1,0,1,1,128,1,14,61,57,10,5,80.0,20.0,80,468,259,10,11,1,4,2,84,8,5,1,2,8,11,0,0,N/a
Marcos Senesi,arARG,DF,Bournemouth,27-329,12,11,950,0,0,4,0,0.8,0.2,12,50,5,0.00,0.00,0.08,0.02,N/a,N/a,N/a,N/a,0.0,0.00,0.00,6.0,470,76.5,9790,87.7,86.2,50.3,3,73,12,3,50,16,1.52,1,0.09,34,21,26,13,14,6,8,11,736,59,317,362,66,12,9,55.6,44.4,461,2392,1409,12,14,0,5,5,469,5,17,7,0,9,63,21,24,46.7
Marcus Rashford,engENG,"FW,MF",Manchester Utd,27-155,15,12,978,4,1,2,0,1.7,2.1,20,21,79,0.37,0.09,0.16,0.19,N/a,N/a,N/a,N/a,56.3,0.83,0.25,16.4,253,73.8,3508,83.6,65.9,50.0,15,13,16,8,21,29,2.67,1,0.09,7,4,9,6,8,0,8,4,440,3,35,189,222,34,39,23.1,66.7,293,1694,728,20,19,12,14,6,341,79,8,7,7,27,24,5,7,41.7
Marcus Rashford,engENG,"FW,MF",Manchester Utd,27-155,15,12,978,4,1,2,0,1.7,2.1,20,21,79,0.37,0.09,0.16,0.19,N/a,N/a,N/a,N/a,56.3,0.83,0.25,16.4,253,73.8,3508,83.6,65.9,50.0,15,13,16,8,21,29,2.67,1,0.09,7,4,9,6,8,0,8,4,440,3,35,189,222,34,39,23.1,66.7,293,1694,728,20,19,12,14,6,341,79,8,7,7,27,24,5,7,41.7
Marcus Tavernier,engENG,"FW,MF",Bournemouth,26-013,22,16,"1,505",3,5,5,0,5.2,2.8,36,95,101,0.18,0.30,0.31,0.17,N/a,N/a,N/a,N/a,31.9,0.90,0.06,20.4,498,72.2,8483,86.7,77.7,43.4,36,60,28,9,95,82,4.90,10,0.60,38,23,25,16,12,2,10,4,905,17,100,345,480,47,47,42.6,51.1,510,3047,1435,36,33,7,36,41,571,101,23,20,4,88,92,21,29,42.0
Mario Lemina,gaGAB,"MF,DF",Wolves,31-215,17,15,"1,364",1,3,4,0,1.4,1.1,8,48,21,0.07,0.20,0.09,0.07,N/a,N/a,N/a,N/a,27.8,0.33,0.06,21.9,493,80.4,9479,85.0,87.7,61.1,10,43,13,4,48,26,1.71,5,0.33,51,31,29,9,12,7,5,27,809,92,324,378,119,18,16,62.5,25.0,382,2068,1038,8,12,2,21,11,482,21,17,8,4,10,73,25,16,61.0
Mark Flekken,nlNED,GK,Brentford,31-295,29,29,"2,555",0,1,1,0,0.0,0.2,0,0,0,0.00,0.04,0.00,0.01,1.59,73.3,13.8,0.0,N/a,0.00,N/a,N/a,1012,73.6,29471,97.7,97.4,49.6,2,40,2,0,0,7,0.25,1,0.04,3,3,7,5,1,0,1,0,1461,1139,1418,48,0,0,1,100.0,0.0,897,4519,2561,0,0,0,2,0,826,0,0,3,0,0,35,4,0,100.0
Mark Travers,ieIRL,GK,Bournemouth,25-321,5,5,450,0,0,0,0,0.0,0.0,0,0,0,0.00,0.00,0.00,0.00,1.00,80.0,20.0,N/a,N/a,0.00,N/a,N/a,100,70.4,3469,100.0,96.2,51.8,0,3,0,0,0,0,0.00,0,0.00,0,0,0,0,0,0,0,0,162,144,159,3,0,0,0,N/a,N/a,85,426,188,0,0,0,0,0,68,0,0,1,0,0,3,1,0,100.0
Marshall Munetsi,zwZIM,"MF,FW",Wolves,28-286,6,5,428,1,1,0,0,2.6,0.8,2,5,16,0.21,0.21,0.55,0.18,N/a,N/a,N/a,N/a,27.3,0.63,0.09,13.9,65,74.7,793,80.4,72.0,0.0,3,2,1,0,5,9,1.89,1,0.21,14,6,11,4,3,1,2,3,145,6,19,83,43,13,1,0.0,100.0,61,213,73,2,0,2,15,3,80,16,5,6,3,3,16,11,8,57.9
Martin Dúbravka,skSVK,GK,Newcastle Utd,36-079,10,10,900,0,0,0,0,0.0,0.0,0,0,0,0.00,0.00,0.00,0.00,1.20,70.7,50.0,N/a,N/a,0.00,N/a,N/a,265,79.6,5932,100.0,100.0,40.2,0,0,0,0,0,0,0.00,0,0.00,0,0,0,0,0,0,0,0,350,262,337,14,0,0,0,N/a,N/a,202,1043,643,0,0,0,0,0,175,0,0,1,0,0,18,4,0,100.0
Martin Ødegaard,noNOR,MF,Arsenal,26-108,22,21,"1,816",2,4,3,0,4.0,4.1,65,191,124,0.10,0.20,0.20,0.20,N/a,N/a,N/a,N/a,31.4,0.55,0.03,18.7,935,82.2,14091,90.8,87.3,45.7,47,100,63,5,191,92,4.56,10,0.50,18,10,23,19,4,0,4,3,1284,6,88,535,675,83,47,42.6,55.3,875,5350,2683,65,55,18,26,36,1014,124,9,19,1,74,77,8,6,57.1
Mason Mount,engENG,"MF,FW",Manchester Utd,26-084,9,4,260,0,0,2,0,0.5,0.1,3,9,7,0.00,0.00,0.17,0.04,N/a,N/a,N/a,N/a,50.0,0.69,0.00,18.5,79,79.0,1173,88.2,75.9,55.6,4,5,0,0,9,8,2.77,0,0.00,6,2,7,2,4,1,3,0,125,1,18,66,41,7,4,0.0,75.0,78,355,128,3,3,0,4,4,90,7,8,4,0,6,6,2,5,28.6
Massimo Luongo,auAUS,MF,Ipswich Town,32-191,7,2,181,0,0,0,0,0.0,0.0,0,5,1,0.00,0.00,0.00,0.00,N/a,N/a,N/a,N/a,N/a,0.00,N/a,N/a,39,73.6,551,88.9,68.8,33.3,0,1,0,0,5,0,0.00,0,0.00,8,5,7,3,4,2,2,2,72,9,32,24,16,1,0,N/a,N/a,38,140,25,0,0,0,2,3,41,1,1,2,0,1,10,1,0,100.0
Mateo Kovačić,hrCRO,MF,Manchester City,30-333,24,19,"1,681",4,1,5,0,1.4,3.4,44,122,14,0.21,0.05,0.08,0.18,N/a,N/a,N/a,N/a,24.2,0.43,0.12,22.0,1313,92.9,20244,95.3,95.4,65.3,26,144,22,0,122,53,2.84,5,0.27,53,32,55,28,17,0,17,18,1601,39,232,896,491,15,34,52.9,29.4,1065,6305,2918,44,56,3,15,28,1289,14,19,18,0,0,87,9,6,60.0
Mateus Fernandes,ptPOR,MF,Southampton,20-268,28,26,"2,231",1,3,7,0,3.3,2.1,64,114,81,0.04,0.12,0.13,0.08,N/a,N/a,N/a,N/a,35.5,0.44,0.03,18.0,845,79.3,14337,86.6,85.6,55.3,26,75,18,4,114,58,2.34,6,0.24,69,39,53,29,32,3,29,17,1362,48,291,675,427,41,88,47.7,44.3,700,4531,2463,64,54,8,40,27,841,81,36,42,3,89,138,12,9,57.1
Matheus Cunha,brBRA,"MF,FW",Wolves,25-312,26,24,"2,143",13,4,3,0,6.7,6.6,92,112,137,0.55,0.17,0.28,0.28,N/a,N/a,N/a,N/a,40.7,1.47,0.15,20.6,638,70.3,10202,84.0,74.9,43.6,43,78,48,9,112,98,4.12,9,0.38,32,18,34,23,17,1,16,16,1267,20,156,579,577,106,115,42.6,45.2,715,5449,2702,92,74,32,67,42,839,137,37,58,8,114,110,10,22,31.3
Matheus Nunes,ptPOR,"DF,MF",Manchester City,26-220,20,13,"1,134",0,4,3,0,0.5,3.3,46,52,134,0.00,0.32,0.04,0.27,N/a,N/a,N/a,N/a,20.0,0.08,0.00,18.4,706,85.8,10996,91.2,86.9,70.4,19,31,22,6,52,31,2.46,5,0.40,26,17,26,14,12,3,9,11,943,27,167,339,441,50,29,44.8,41.4,595,3204,1650,46,19,21,22,8,686,134,26,13,5,34,48,12,11,52.2
Mathias Jensen,dkDEN,MF,Brentford,29-093,16,8,736,0,1,1,0,0.2,1.5,6,52,25,0.00,0.12,0.03,0.18,N/a,N/a,N/a,N/a,16.7,0.12,0.00,23.1,310,75.1,5678,86.7,78.7,53.5,14,35,16,2,52,35,4.28,3,0.37,11,8,12,6,11,3,8,6,480,20,106,200,176,9,14,57.1,28.6,261,1121,527,6,8,0,7,6,299,25,7,10,0,29,42,8,5,61.5
Mathys Tel,frFRA,FW,Tottenham,19-342,5,4,308,0,0,0,0,0.8,0.1,8,4,17,0.00,0.00,0.24,0.03,N/a,N/a,N/a,N/a,50.0,1.46,0.00,16.3,53,76.8,887,87.9,70.4,83.3,3,4,2,1,4,5,1.47,0,0.00,2,1,5,4,2,0,2,0,114,0,13,43,61,16,16,18.8,68.8,84,534,235,8,7,3,7,6,79,17,5,3,0,5,16,1,2,33.3
Mats Wieffer,nlNED,MF,Brighton,25-139,18,4,513,1,1,4,0,0.5,0.6,5,37,9,0.18,0.18,0.08,0.11,N/a,N/a,N/a,N/a,40.0,0.35,0.20,11.0,338,86.9,5646,92.3,88.7,77.4,8,34,2,0,37,18,3.15,2,0.35,24,12,18,8,11,1,10,8,477,26,114,282,88,9,9,44.4,55.6,262,1134,454,5,6,0,10,7,309,9,16,5,0,1,44,18,14,56.3
Matt Doherty,ieIRL,DF,Wolves,33-078,23,19,"1,700",2,1,6,0,1.0,1.5,28,71,39,0.11,0.05,0.05,0.08,N/a,N/a,N/a,N/a,33.3,0.16,0.22,11.3,870,81.8,16073,89.4,86.2,60.7,11,84,12,1,71,22,1.16,3,0.16,35,19,21,7,23,14,9,20,1263,104,485,624,170,24,19,52.6,31.6,665,3091,1881,28,16,4,11,5,795,39,15,10,2,17,88,45,17,72.6
Matt O'Riley,dkDEN,MF,Brighton,24-134,13,5,482,1,1,1,0,1.2,1.2,9,23,26,0.19,0.19,0.23,0.22,N/a,N/a,N/a,N/a,28.6,0.75,0.07,17.3,190,79.5,2868,92.7,82.4,41.7,11,18,5,0,23,23,4.30,2,0.37,9,7,8,6,4,1,3,11,302,12,51,142,109,23,6,50.0,50.0,147,605,291,9,6,2,8,3,176,26,9,6,0,24,18,3,2,60.0
Matthijs de Ligt,nlNED,DF,Manchester Utd,25-235,28,24,"2,089",2,0,3,0,2.5,0.3,7,55,6,0.09,0.00,0.11,0.01,N/a,N/a,N/a,N/a,50.0,0.39,0.11,7.9,1225,90.1,21549,94.1,94.5,50.5,6,63,2,1,55,14,0.60,1,0.04,30,22,32,9,29,21,8,33,1584,181,813,722,56,29,4,50.0,50.0,1063,4696,2219,7,3,0,5,3,1142,6,16,12,2,6,66,57,29,66.3
Matty Cash,plPOL,DF,Aston Villa,27-240,20,17,"1,476",1,1,6,0,0.3,1.1,39,32,53,0.06,0.06,0.02,0.07,N/a,N/a,N/a,N/a,50.0,0.24,0.13,17.6,523,78.1,8602,89.6,78.8,47.7,10,32,5,4,32,18,1.10,2,0.12,41,23,29,10,16,5,11,20,837,59,304,340,203,33,32,46.9,43.8,413,2711,1381,39,31,4,14,6,472,53,22,13,1,23,50,17,17,50.0
Matz Sels,beBEL,GK,Nott'ham Forest,33-037,30,30,"2,700",0,0,2,0,0.0,0.0,0,1,0,0.00,0.00,0.00,0.00,1.17,74.2,43.3,0.0,N/a,0.00,N/a,N/a,398,50.1,15639,100.0,97.3,37.4,1,36,2,0,1,5,0.17,0,0.00,1,1,1,0,0,0,0,0,875,659,861,14,0,0,0,N/a,N/a,435,2527,1320,0,0,0,0,0,342,0,0,9,0,0,9,14,2,87.5
Max Kilman,engENG,DF,West Ham,27-316,30,30,"2,628",0,1,3,0,1.4,1.0,26,97,5,0.00,0.03,0.05,0.03,N/a,N/a,N/a,N/a,18.2,0.07,0.00,8.4,1326,86.8,25824,92.0,92.8,58.5,14,88,2,0,97,23,0.79,3,0.10,26,14,20,4,48,32,16,33,1847,358,1016,759,87,28,18,72.2,5.6,986,4441,2562,26,10,2,13,2,1237,5,12,11,1,1,119,86,42,67.2
Maxence Lacroix,frFRA,DF,Crystal Palace,24-363,26,26,"2,335",1,1,4,0,2.5,0.4,8,52,6,0.04,0.04,0.10,0.01,N/a,N/a,N/a,N/a,21.7,0.19,0.04,12.2,960,82.3,19910,85.5,91.0,56.9,4,60,2,1,52,24,0.93,4,0.15,61,36,42,13,35,12,23,45,1515,267,916,542,64,29,13,61.5,23.1,815,3846,1783,8,4,0,16,3,895,6,28,15,1,6,113,48,41,53.9
Michael Keane,engENG,DF,Everton,32-083,10,9,813,2,0,4,0,0.4,0.1,1,12,3,0.22,0.00,0.05,0.01,N/a,N/a,N/a,N/a,37.5,0.33,0.25,14.8,253,81.9,5832,89.2,90.2,75.3,2,17,0,0,12,6,0.66,0,0.00,10,7,10,3,9,6,3,10,409,78,226,167,18,14,1,0.0,100.0,187,736,234,1,1,0,0,2,236,3,9,0,0,1,23,19,14,57.6
Michail Antonio,jmJAM,FW,West Ham,35-007,14,11,836,1,1,1,0,2.2,1.6,29,18,59,0.11,0.11,0.24,0.17,N/a,N/a,N/a,N/a,21.1,0.43,0.05,12.6,114,60.6,2183,72.2,59.7,71.0,9,11,6,2,18,22,2.37,4,0.43,2,2,3,1,6,0,6,0,296,3,26,124,151,36,27,33.3,48.1,173,1177,695,29,13,9,35,19,221,59,12,7,4,25,22,17,22,43.6
Micky van de Ven,nlNED,DF,Tottenham,23-350,11,10,905,0,2,4,0,0.6,1.2,8,47,1,0.00,0.20,0.06,0.12,N/a,N/a,N/a,N/a,33.3,0.20,0.00,11.1,659,90.9,12335,92.3,96.2,62.1,2,45,1,0,47,9,0.90,2,0.20,10,6,14,6,9,6,3,9,808,100,425,359,33,9,8,50.0,50.0,564,2661,1301,8,10,1,5,4,587,1,10,7,0,0,59,18,16,52.9
Miguel Almirón,pyPAR,FW,Newcastle Utd,31-053,9,1,157,0,0,0,0,0.5,0.3,3,6,18,0.00,0.00,0.30,0.15,N/a,N/a,N/a,N/a,33.3,1.15,0.00,14.2,54,81.8,707,92.9,81.3,33.3,3,3,1,0,6,8,4.59,0,0.00,3,2,3,1,2,0,2,0,81,1,10,35,36,9,2,50.0,50.0,54,284,93,3,3,2,0,2,59,18,1,3,2,0,4,0,2,0.0
Mikel Merino,esESP,"MF,FW",Arsenal,28-286,22,13,"1,239",6,1,2,0,3.7,1.4,8,56,75,0.44,0.07,0.27,0.10,N/a,N/a,N/a,N/a,44.4,0.87,0.22,11.0,364,77.8,4922,87.0,77.3,50.0,14,31,21,3,56,37,2.69,3,0.22,29,16,24,14,17,5,12,13,620,29,110,262,257,64,13,46.2,38.5,309,1142,542,8,11,4,20,20,410,75,32,16,6,11,67,43,47,47.8
Mikey Moore,engENG,"FW,MF",Tottenham,17-236,7,2,185,0,1,0,0,0.2,0.3,9,7,30,0.00,0.49,0.10,0.16,N/a,N/a,N/a,N/a,0.0,0.00,0.00,19.5,48,71.6,593,96.8,65.0,20.0,3,1,5,1,7,10,4.86,2,0.97,0,0,1,1,1,0,1,1,96,1,10,22,65,12,11,9.1,81.8,68,521,239,9,3,4,6,4,73,30,3,4,2,12,5,1,4,20.0
Mikkel Damsgaard,dkDEN,"MF,FW",Brentford,24-275,30,26,"2,248",2,10,2,0,2.4,7.2,59,191,107,0.08,0.40,0.10,0.29,N/a,N/a,N/a,N/a,25.0,0.28,0.07,16.7,875,73.2,14807,85.4,74.0,52.6,54,131,57,15,191,101,4.04,18,0.72,67,38,63,38,32,2,30,22,1479,31,258,676,567,62,83,53.0,36.1,843,4679,2411,59,37,8,50,39,985,107,13,22,5,108,138,11,22,33.3
Milos Kerkez,huHUN,DF,Bournemouth,21-148,30,30,"2,627",2,5,4,0,0.5,3.2,79,128,148,0.07,0.17,0.02,0.11,N/a,N/a,N/a,N/a,29.4,0.17,0.12,20.4,1031,76.3,16357,89.5,79.8,38.0,27,74,32,20,128,66,2.26,9,0.31,41,23,32,14,32,11,21,36,1670,90,430,704,556,54,40,42.5,32.5,839,4800,2807,79,52,13,41,14,902,148,26,39,1,97,138,19,42,31.1
Mohamed Salah,egEGY,FW,Liverpool,32-293,30,30,"2,657",27,17,1,0,22.1,11.2,124,114,375,0.91,0.58,0.75,0.38,N/a,N/a,N/a,N/a,45.9,1.52,0.18,15.1,717,71.5,10819,83.6,71.3,59.7,68,44,72,12,114,133,4.51,23,0.78,20,11,13,6,6,0,6,4,1354,10,78,410,883,288,112,45.5,51.8,928,5640,2927,124,48,103,94,56,1134,375,20,33,12,55,82,8,9,47.1
Mohammed Kudus,ghGHA,"MF,FW",West Ham,24-245,24,24,"1,994",3,1,0,1,5.9,2.1,79,64,167,0.14,0.05,0.26,0.10,N/a,N/a,N/a,N/a,28.8,0.77,0.05,15.3,554,83.7,9118,89.2,92.1,68.2,23,35,22,10,64,81,3.66,3,0.14,31,19,25,16,21,1,20,4,983,9,131,404,481,99,159,44.0,45.9,646,4249,2004,79,49,34,57,76,761,167,28,49,16,61,109,9,30,23.1
Moisés Caicedo,ecECU,MF,Chelsea,23-153,30,30,"2,631",1,2,9,0,0.6,2.6,33,156,28,0.03,0.07,0.02,0.09,N/a,N/a,N/a,N/a,21.4,0.10,0.07,24.8,1587,89.7,27548,92.1,92.8,77.1,23,187,27,2,156,79,2.70,7,0.24,88,54,70,26,41,9,32,41,2064,73,446,1267,372,11,43,41.9,37.2,1150,5367,2539,33,23,2,30,18,1462,28,57,47,0,8,175,26,14,65.0
Morato,brBRA,DF,Nott'ham Forest,23-278,21,4,680,0,0,1,0,0.2,0.0,0,14,1,0.00,0.00,0.02,0.00,N/a,N/a,N/a,N/a,50.0,0.13,0.00,8.6,160,73.1,2667,83.1,83.5,34.6,0,9,0,0,14,2,0.26,0,0.00,18,12,18,7,10,4,6,9,344,75,217,112,17,2,1,100.0,0.0,113,559,252,0,2,0,6,2,140,1,7,2,0,0,28,5,13,27.8
Morgan Gibbs-White,engENG,MF,Nott'ham Forest,25-067,26,26,"2,108",5,7,8,1,4.0,4.3,58,129,104,0.21,0.30,0.17,0.18,N/a,N/a,N/a,N/a,36.4,0.68,0.11,16.1,762,78.3,11527,85.1,81.6,57.6,42,104,33,7,129,87,3.71,15,0.64,35,16,25,13,13,4,9,16,1256,27,152,617,508,80,68,41.2,45.6,713,4072,2092,58,42,12,60,34,947,104,29,31,4,34,102,32,39,45.1
Morgan Rogers,engENG,"FW,MF",Aston Villa,22-252,29,29,"2,423",7,6,8,0,4.8,5.9,92,95,140,0.26,0.22,0.18,0.22,N/a,N/a,N/a,N/a,31.1,0.52,0.16,16.1,528,73.1,7582,81.0,75.5,79.2,39,61,43,2,95,83,3.08,11,0.41,31,15,35,19,21,5,16,5,1072,31,160,467,468,116,127,40.9,46.5,620,4458,2599,92,58,26,82,56,748,140,42,40,2,17,89,8,40,16.7
Murillo,brBRA,DF,Nott'ham Forest,22-274,29,29,"2,568",1,0,5,0,1.2,1.1,15,90,4,0.04,0.00,0.04,0.04,N/a,N/a,N/a,N/a,21.1,0.14,0.05,23.9,871,78.3,17189,91.2,86.8,49.0,11,96,11,1,90,30,1.05,1,0.04,44,32,39,16,61,40,21,26,1478,337,760,647,84,17,30,83.3,16.7,627,3211,1885,15,22,1,16,9,736,4,21,4,0,10,113,34,19,64.2
Mykhailo Mudryk,uaUKR,FW,Chelsea,24-089,7,1,151,0,0,0,0,0.3,1.0,7,5,12,0.00,0.00,0.15,0.58,N/a,N/a,N/a,N/a,100.0,0.60,0.00,11.6,28,66.7,431,70.8,66.7,50.0,2,2,2,1,5,6,3.60,0,0.00,2,2,0,0,3,1,2,0,62,3,12,15,38,6,8,37.5,62.5,39,468,227,7,8,0,3,7,42,12,2,2,1,7,9,2,4,33.3
Myles Lewis-Skelly,engENG,DF,Arsenal,18-190,15,10,856,1,0,2,2,0.0,0.2,21,47,24,0.11,0.00,0.00,0.02,N/a,N/a,N/a,N/a,100.0,0.11,1.00,13.9,434,91.0,6318,95.5,88.8,78.6,4,48,4,0,47,13,1.37,0,0.00,20,13,9,0,1,0,1,5,556,13,98,301,166,11,16,50.0,37.5,310,1605,971,21,14,4,7,8,369,24,7,30,0,6,35,4,6,40.0
Nathan Aké,nlNED,DF,Manchester City,30-045,10,8,678,0,0,0,0,0.2,0.0,12,50,2,0.00,0.00,0.03,0.00,N/a,N/a,N/a,N/a,0.0,0.00,0.00,10.0,509,93.9,8321,98.0,97.1,58.8,1,42,1,0,50,8,1.06,0,0.00,9,7,6,2,7,2,5,3,596,51,205,331,61,5,1,100.0,0.0,403,2244,1501,12,12,1,4,3,449,2,2,0,0,1,24,13,10,56.5
Nathan Broadhead,wlsWAL,"MF,FW",Ipswich Town,26-364,14,5,526,1,0,1,0,1.5,0.6,15,11,23,0.17,0.00,0.26,0.11,N/a,N/a,N/a,N/a,60.0,1.03,0.10,15.4,138,77.1,1974,87.8,78.9,27.3,6,10,4,0,11,17,2.91,2,0.34,6,3,7,4,4,0,4,4,250,6,36,123,100,19,29,48.3,44.8,141,1025,479,15,12,4,14,11,174,23,3,12,2,7,26,0,9,0.0
Nathan Collins,ieIRL,DF,Brentford,23-339,30,30,"2,700",2,1,4,0,2.3,1.4,24,105,17,0.07,0.03,0.08,0.05,N/a,N/a,N/a,N/a,33.3,0.17,0.13,11.2,1396,86.0,26435,88.3,92.8,59.4,7,92,7,2,105,27,0.90,6,0.20,33,19,28,8,63,45,18,26,1979,317,1039,803,147,57,11,54.5,36.4,1039,5694,3303,24,8,0,14,8,1206,17,23,21,6,6,137,96,54,64.0
Nathan Patterson,sctSCO,"DF,FW",Everton,23-170,7,0,129,0,0,0,0,0.1,0.3,4,7,7,0.00,0.00,0.05,0.24,N/a,N/a,N/a,N/a,0.0,0.00,0.00,16.8,60,73.2,1024,96.8,62.2,54.5,2,7,4,2,7,6,4.19,0,0.00,3,1,4,3,2,0,2,0,99,4,20,45,36,3,7,85.7,0.0,40,186,105,4,2,2,3,1,52,7,0,1,0,6,6,1,4,20.0
Nathan Wood-Gordon,engENG,DF,Southampton,22-308,9,7,624,0,0,2,0,0.2,0.0,2,17,0,0.00,0.00,0.03,0.00,N/a,N/a,N/a,N/a,0.0,0.00,0.00,5.9,363,92.8,6144,94.4,96.4,69.6,1,11,0,0,17,3,0.43,0,0.00,10,7,8,3,8,5,3,4,457,54,219,212,27,2,5,60.0,20.0,253,1150,454,2,6,0,4,1,339,0,8,4,0,3,20,11,7,61.1
Nathaniel Clyne,engENG,"DF,MF",Crystal Palace,33-364,12,5,455,0,0,1,0,0.0,0.3,6,7,8,0.00,0.00,0.00,0.06,N/a,N/a,N/a,N/a,0.0,0.00,0.00,32.3,165,76.0,3026,80.7,89.2,46.7,3,16,2,1,7,3,0.59,0,0.00,12,8,10,4,4,2,2,3,262,17,103,124,35,3,1,0.0,100.0,155,642,306,6,2,3,4,2,172,8,2,2,0,7,9,1,7,12.5
Neco Williams,wlsWAL,DF,Nott'ham Forest,23-356,27,20,"1,874",1,1,5,0,1.8,1.1,46,59,68,0.05,0.05,0.09,0.05,N/a,N/a,N/a,N/a,21.4,0.29,0.04,19.4,576,75.6,8642,89.8,71.2,40.6,10,43,14,5,59,34,1.63,4,0.19,61,36,59,24,33,6,27,23,1083,117,396,380,321,32,37,37.8,45.9,439,2687,1444,46,22,13,17,12,500,68,18,29,1,30,72,28,22,56.0
Neto,brBRA,GK,Bournemouth,35-259,2,2,180,0,0,0,0,0.0,0.0,0,0,0,0.00,0.00,0.00,0.00,1.00,84.6,0.0,N/a,N/a,0.00,N/a,N/a,40,64.5,1183,100.0,100.0,36.4,0,2,0,0,0,0,0.00,0,0.00,0,0,0,0,0,0,0,0,70,60,70,0,0,0,0,N/a,N/a,35,148,99,0,0,0,0,0,28,0,0,2,0,0,3,0,0,N/a
Nick Pope,engENG,GK,Newcastle Utd,32-350,19,19,"1,710",0,0,2,0,0.0,0.0,0,0,0,0.00,0.00,0.00,0.00,1.42,69.8,21.1,0.0,N/a,0.00,N/a,N/a,385,70.6,9752,98.9,97.9,40.1,0,2,0,0,0,3,0.16,0,0.00,0,0,0,0,1,0,1,1,605,488,597,8,0,0,0,N/a,N/a,317,1731,1140,0,0,0,0,1,211,0,1,2,0,0,12,9,1,90.0
Niclas Füllkrug,deGER,FW,West Ham,32-054,10,3,415,2,1,2,0,1.6,1.4,3,5,12,0.43,0.22,0.34,0.30,N/a,N/a,N/a,N/a,30.0,0.65,0.20,10.9,59,67.8,790,75.6,58.1,50.0,8,3,2,0,5,13,2.81,1,0.22,2,2,3,1,1,0,1,0,126,7,9,65,52,23,3,0.0,100.0,43,150,76,3,2,2,11,3,90,12,10,3,4,1,5,23,26,46.9
Nico O’Reilly,engENG,"DF,MF",Manchester City,20-014,3,1,113,0,0,0,0,0.1,0.0,7,4,4,0.00,0.00,0.11,0.01,N/a,N/a,N/a,N/a,0.0,0.00,0.00,23.1,83,87.4,1108,92.1,88.9,0.0,1,10,0,0,4,4,3.19,1,0.80,3,0,2,1,0,0,0,1,110,2,17,61,33,2,5,80.0,20.0,83,472,215,7,8,0,3,0,87,4,1,1,0,0,5,2,2,50.0
Nicolas Jackson,snSEN,FW,Chelsea,23-288,24,23,"1,817",9,5,6,0,11.5,4.0,41,29,96,0.45,0.25,0.57,0.20,N/a,N/a,N/a,N/a,47.7,1.54,0.14,12.4,239,74.9,3159,81.7,75.9,61.5,25,19,6,1,29,62,3.07,10,0.50,17,10,7,5,12,2,10,2,565,19,42,234,297,121,52,32.7,51.9,337,2126,1140,41,22,27,55,33,412,96,22,25,18,3,37,13,29,31.0
Nicolás Domínguez,arARG,"MF,FW",Nott'ham Forest,26-280,26,16,"1,420",0,0,8,0,1.3,1.1,11,54,20,0.00,0.00,0.08,0.07,N/a,N/a,N/a,N/a,40.0,0.38,0.00,18.3,602,86.7,8643,91.1,89.8,62.8,10,54,8,0,54,22,1.40,0,0.00,64,33,56,30,29,10,19,24,890,59,220,466,210,21,7,42.9,42.9,340,1332,623,11,8,2,15,8,490,20,25,13,1,2,80,13,16,44.8
Nicolás González,esESP,MF,Manchester City,23-091,6,6,480,0,0,2,0,0.2,0.1,5,33,8,0.00,0.00,0.04,0.01,N/a,N/a,N/a,N/a,0.0,0.00,0.00,22.0,376,92.8,5635,97.7,90.5,75.0,1,37,2,0,33,12,2.25,1,0.19,9,3,5,3,9,0,9,3,463,10,66,288,110,6,4,25.0,50.0,288,1193,455,5,7,1,6,5,354,8,9,2,0,0,24,11,8,57.9
Nikola Milenković,rsSRB,DF,Nott'ham Forest,27-174,29,29,"2,610",4,2,4,0,3.6,0.8,3,42,5,0.14,0.07,0.12,0.03,N/a,N/a,N/a,N/a,26.9,0.24,0.15,12.1,638,81.4,12772,87.0,87.8,61.9,7,43,2,0,42,17,0.59,3,0.10,38,23,23,5,35,21,14,19,1065,197,576,418,75,57,1,100.0,0.0,407,1768,833,3,3,2,1,2,539,5,16,3,1,0,68,83,31,72.8
Noni Madueke,engENG,FW,Chelsea,23-025,24,19,"1,476",7,3,3,0,7.6,3.6,111,55,180,0.43,0.18,0.46,0.22,N/a,N/a,N/a,N/a,39.1,1.52,0.11,14.7,382,78.3,5559,87.4,75.9,59.4,24,10,31,6,55,61,3.72,8,0.49,17,12,29,18,11,0,11,7,708,14,72,192,456,138,71,39.4,50.7,479,4011,2524,111,39,66,38,23,547,180,17,20,3,46,61,9,13,40.9
Noussair Mazraoui,maMAR,DF,Manchester Utd,27-141,30,27,"2,308",0,1,2,0,0.6,1.3,34,96,44,0.00,0.04,0.02,0.05,N/a,N/a,N/a,N/a,27.3,0.12,0.00,20.0,1251,85.0,18719,91.1,88.7,53.4,16,105,17,5,96,42,1.64,1,0.04,88,52,77,33,29,7,22,31,1759,128,680,819,284,26,42,54.8,38.1,971,4561,2375,34,25,3,22,16,1057,44,34,20,3,20,127,41,21,66.1
Nélson Semedo,ptPOR,DF,Wolves,31-139,26,25,"2,235",0,4,7,0,0.6,2.6,55,57,97,0.00,0.16,0.02,0.10,N/a,N/a,N/a,N/a,50.0,0.24,0.00,24.7,843,79.7,12972,91.4,82.5,44.8,19,56,19,8,57,46,1.85,6,0.24,49,28,45,19,27,10,17,16,1336,105,386,607,360,20,57,45.6,40.4,678,3970,2089,55,33,9,29,16,771,97,41,25,3,51,100,23,35,39.7
Odsonne Édouard,frFRA,"MF,FW",Crystal Palace,27-078,2,1,115,0,0,0,0,0.4,0.0,2,4,7,0.00,0.00,0.31,0.04,N/a,N/a,N/a,N/a,20.0,0.78,0.00,20.9,17,60.7,230,68.8,57.1,100.0,1,2,0,0,4,1,0.78,0,0.00,1,0,2,2,1,0,1,0,45,1,4,23,18,8,1,0.0,100.0,23,107,50,2,1,2,4,1,26,7,4,0,2,1,5,1,4,20.0
Ola Aina,ngNGA,DF,Nott'ham Forest,28-178,30,30,"2,569",2,1,2,0,0.6,0.7,54,91,52,0.07,0.04,0.02,0.03,N/a,N/a,N/a,N/a,22.2,0.07,0.22,24.8,839,73.3,12948,88.1,72.8,36.1,11,78,15,7,91,50,1.75,3,0.11,53,40,58,24,32,12,20,30,1462,138,539,610,338,21,64,45.3,37.5,629,4026,2328,54,35,10,39,21,691,52,21,32,2,42,160,12,18,40.0
Oleksandr Zinchenko,uaUKR,"DF,MF",Arsenal,28-110,10,2,299,0,0,1,0,0.2,0.0,7,21,7,0.00,0.00,0.05,0.01,N/a,N/a,N/a,N/a,0.0,0.00,0.00,14.0,193,79.4,3067,89.5,81.4,40.0,1,14,2,1,21,9,2.71,1,0.30,2,0,4,3,5,0,5,3,263,10,57,144,63,14,2,50.0,0.0,144,771,331,7,3,2,2,2,169,7,8,2,1,8,13,9,8,52.9
Oliver Scarles,engENG,DF,West Ham,19-113,11,4,482,0,0,1,0,0.1,0.0,7,18,36,0.00,0.00,0.02,0.00,N/a,N/a,N/a,N/a,0.0,0.00,0.00,20.2,213,76.9,3135,87.8,82.6,24.0,1,7,5,1,18,4,0.75,0,0.00,14,10,16,6,13,2,11,8,348,15,100,142,110,6,6,16.7,83.3,159,593,331,7,9,1,10,2,203,36,3,3,1,12,28,4,4,50.0
Oliver Skipp,engENG,MF,Leicester City,24-200,17,7,824,0,0,5,0,0.1,0.2,14,23,14,0.00,0.00,0.01,0.02,N/a,N/a,N/a,N/a,33.3,0.11,0.00,20.2,305,84.3,4617,87.6,92.2,61.5,8,24,4,0,23,11,1.20,0,0.00,14,4,11,5,14,3,11,8,441,22,103,281,61,6,9,44.4,55.6,254,1011,506,14,7,2,10,5,304,14,12,12,0,3,32,9,4,69.2
Ollie Watkins,engENG,FW,Aston Villa,29-095,30,25,"2,081",13,6,1,0,13.9,2.7,46,22,129,0.56,0.26,0.60,0.11,N/a,N/a,N/a,N/a,42.9,1.30,0.16,12.2,252,73.5,3165,78.7,81.7,72.7,20,10,7,0,22,45,1.95,10,0.43,7,5,9,7,11,3,8,6,567,17,43,205,328,142,36,22.2,69.4,335,1826,946,46,19,32,43,42,446,129,26,27,10,7,36,42,56,42.9
Omar Marmoush,egEGY,"MF,FW",Manchester City,26-056,8,7,565,5,0,0,0,2.6,1.0,12,17,40,0.80,0.00,0.41,0.16,N/a,N/a,N/a,N/a,39.1,1.43,0.22,19.8,136,77.3,1886,85.0,76.2,50.0,8,8,12,2,17,23,3.66,1,0.16,8,4,11,5,6,0,6,3,268,1,15,85,171,30,16,25.0,56.3,170,1015,526,12,12,3,23,6,190,40,8,15,7,22,19,2,5,28.6
Omari Hutchinson,engENG,"MF,FW",Ipswich Town,21-156,27,26,"2,223",3,2,5,0,2.3,2.5,71,69,131,0.12,0.08,0.09,0.10,N/a,N/a,N/a,N/a,44.4,0.65,0.08,20.8,581,78.3,9129,88.2,84.6,52.7,23,43,20,9,69,64,2.59,6,0.24,30,11,45,32,24,1,23,10,1061,12,168,450,463,74,114,39.5,47.4,645,4832,2288,71,35,30,68,55,748,131,28,36,4,56,90,6,22,21.4
Orel Mangala,beBEL,MF,Everton,27-017,19,14,"1,261",1,0,2,0,1.1,0.6,6,34,19,0.07,0.00,0.08,0.05,N/a,N/a,N/a,N/a,37.5,0.43,0.06,22.1,437,89.2,6998,90.5,94.9,76.7,8,50,8,1,34,24,1.72,1,0.07,16,8,8,3,8,3,5,21,621,22,133,335,157,13,24,58.3,37.5,298,1574,576,6,6,3,12,12,406,19,24,17,2,6,49,6,8,42.9
Pablo Sarabia,esESP,"MF,FW",Wolves,32-328,16,6,584,1,1,2,0,2.5,0.7,11,46,45,0.15,0.15,0.39,0.11,N/a,N/a,N/a,N/a,46.2,0.92,0.08,19.6,203,68.4,3575,86.3,76.5,48.2,8,28,14,0,46,17,2.62,2,0.31,13,7,12,4,6,0,6,4,371,3,43,184,145,17,9,44.4,33.3,215,974,500,11,12,0,14,11,257,45,13,12,5,33,25,4,7,36.4
Pape Matar Sarr,snSEN,MF,Tottenham,22-202,28,16,"1,423",3,2,6,0,3.1,1.5,27,73,41,0.19,0.13,0.20,0.10,N/a,N/a,N/a,N/a,44.4,0.76,0.11,21.2,744,87.2,11473,91.3,90.5,75.0,14,77,8,2,73,36,2.28,6,0.38,40,28,21,11,21,7,14,22,1026,31,221,573,250,21,25,44.0,48.0,651,3834,1642,27,28,4,24,16,730,41,25,28,2,10,100,23,32,41.8
Patrick Dorgu,dkDEN,DF,Manchester Utd,20-160,4,4,312,0,0,1,1,0.3,0.3,17,12,38,0.00,0.00,0.09,0.08,N/a,N/a,N/a,N/a,33.3,0.58,0.00,14.3,158,78.6,2205,85.7,73.8,37.5,3,8,5,2,12,7,2.02,1,0.29,10,7,8,0,5,0,5,1,244,10,62,86,98,13,4,50.0,50.0,152,856,595,17,8,1,5,2,166,38,4,10,1,17,17,7,4,63.6
Patson Daka,zmZAM,"FW,MF",Leicester City,26-177,17,4,542,1,0,0,0,0.8,0.0,5,8,27,0.17,0.00,0.13,0.00,N/a,N/a,N/a,N/a,18.2,0.33,0.09,16.7,82,73.9,1149,80.6,76.5,100.0,0,5,1,0,8,8,1.33,1,0.17,13,7,17,10,6,1,5,1,191,8,31,89,74,19,15,13.3,66.7,102,432,169,5,5,1,14,9,124,27,9,16,3,2,11,8,24,25.0
Pau Torres,esESP,DF,Aston Villa,28-078,19,19,"1,639",0,0,1,0,0.5,0.0,31,72,4,0.00,0.00,0.03,0.00,N/a,N/a,N/a,N/a,25.0,0.11,0.00,11.7,990,88.2,17143,94.4,93.2,48.7,1,92,7,0,72,12,0.66,2,0.11,20,14,15,6,14,10,4,9,1241,190,591,581,75,13,16,87.5,12.5,772,5098,3343,31,19,0,3,3,882,4,6,7,0,1,53,15,21,41.7
Paul Onuachu,ngNGA,FW,Southampton,30-311,20,9,853,4,1,3,0,3.2,0.5,7,12,35,0.42,0.11,0.34,0.05,N/a,N/a,N/a,N/a,48.3,1.48,0.14,10.4,137,61.2,1993,62.4,62.1,66.7,8,12,2,0,12,9,0.95,1,0.11,7,2,7,4,6,1,5,1,375,12,35,204,139,56,24,29.2,54.2,184,755,225,7,4,2,43,31,310,35,25,14,9,0,15,83,51,61.9
Pedro Neto,ptPOR,FW,Chelsea,25-026,27,17,"1,621",3,4,8,0,2.1,4.5,93,42,162,0.17,0.22,0.12,0.25,N/a,N/a,N/a,N/a,25.6,0.56,0.08,18.5,494,78.7,7855,92.3,82.5,46.5,33,20,23,13,42,62,3.44,7,0.39,16,9,15,9,11,1,10,7,815,7,71,248,508,85,82,30.5,46.3,535,4489,2297,93,45,35,33,23,603,162,17,25,3,90,58,9,21,30.0
Pedro Porro,esESP,DF,Tottenham,25-203,29,24,"2,283",2,5,3,0,1.5,3.2,57,129,94,0.08,0.20,0.06,0.13,N/a,N/a,N/a,N/a,22.9,0.32,0.06,22.8,1203,73.4,20757,87.2,78.7,44.6,44,103,48,21,129,87,3.43,7,0.28,58,42,67,27,39,15,24,32,1944,117,576,703,677,29,31,32.3,61.3,1020,4641,2365,57,36,5,21,16,1113,94,21,24,1,161,133,11,22,33.3
Pervis Estupiñán,ecECU,DF,Brighton,27-073,23,19,"1,782",1,1,3,0,0.7,1.9,45,81,92,0.05,0.05,0.03,0.09,N/a,N/a,N/a,N/a,31.3,0.25,0.06,25.8,1006,83.5,15383,93.1,83.5,53.4,22,65,27,18,81,43,2.17,4,0.20,47,31,35,12,10,2,8,24,1416,61,359,695,376,23,26,46.2,50.0,727,3503,1890,45,36,7,24,21,857,92,25,13,3,99,107,31,23,57.4
Phil Foden,engENG,"MF,FW",Manchester City,24-311,24,18,"1,629",7,2,2,0,4.9,4.7,46,94,116,0.39,0.11,0.27,0.26,N/a,N/a,N/a,N/a,32.0,0.88,0.14,18.6,731,84.7,11420,91.4,89.5,60.2,41,39,35,5,94,83,4.59,9,0.50,12,5,17,10,12,1,11,9,1049,13,80,363,615,78,37,35.1,51.4,666,3419,1643,46,29,15,35,27,822,116,5,31,3,72,55,3,7,30.0
Philip Billing,dkDEN,MF,Bournemouth,28-297,10,1,184,0,0,1,0,0.6,1.1,3,15,13,0.00,0.00,0.28,0.54,N/a,N/a,N/a,N/a,20.0,0.49,0.00,17.9,70,68.6,1023,84.3,70.4,26.7,9,9,7,2,15,16,7.83,0,0.00,14,5,4,1,3,0,3,5,148,5,20,72,57,12,3,33.3,0.0,58,254,163,3,1,1,7,4,75,13,3,2,0,10,14,6,4,60.0
Radu Drăgușin,roROU,DF,Tottenham,23-060,16,14,"1,252",0,0,1,0,0.1,0.4,7,37,2,0.00,0.00,0.01,0.03,N/a,N/a,N/a,N/a,20.0,0.07,0.00,12.7,716,85.2,13638,91.0,93.0,43.9,4,52,2,1,37,8,0.58,1,0.07,10,6,12,6,22,16,6,15,961,148,510,430,30,12,2,0.0,0.0,623,3349,1666,7,3,0,8,2,669,2,6,10,0,1,48,33,22,60.0
Raheem Sterling,engENG,"FW,MF",Arsenal,30-117,12,4,310,0,1,1,0,1.0,0.3,18,14,57,0.00,0.29,0.30,0.08,N/a,N/a,N/a,N/a,0.0,0.00,0.00,15.3,106,76.3,1320,85.1,69.4,66.7,5,3,7,2,14,12,3.48,1,0.29,6,4,5,2,2,0,2,1,186,1,3,38,147,30,18,44.4,27.8,138,940,519,18,8,14,8,12,145,57,9,3,3,11,8,1,3,25.0
Ramón Sosa,pyPAR,"FW,MF",Nott'ham Forest,25-216,15,1,246,1,0,1,0,0.9,0.4,11,4,14,0.37,0.00,0.34,0.15,N/a,N/a,N/a,N/a,50.0,1.83,0.10,18.9,57,68.7,885,69.0,70.4,71.4,7,2,4,2,4,13,4.72,0,0.00,4,2,3,2,7,0,7,3,128,4,29,37,66,11,11,72.7,27.3,63,541,301,11,6,4,5,5,68,14,6,6,3,7,19,4,7,36.4
Rasmus Højlund,dkDEN,FW,Manchester Utd,22-059,25,17,"1,479",3,0,2,0,3.0,1.2,23,14,76,0.18,0.00,0.18,0.07,N/a,N/a,N/a,N/a,42.9,0.55,0.14,13.8,187,77.0,2029,82.8,72.1,75.0,13,9,4,0,14,28,1.70,1,0.06,3,1,4,4,4,0,4,1,383,4,20,192,177,50,25,28.0,64.0,239,1174,504,23,11,13,55,25,303,76,13,23,9,5,26,20,71,22.0
Rayan Aït-Nouri,dzALG,DF,Wolves,23-302,29,29,"2,462",3,5,6,1,1.9,2.8,64,94,140,0.11,0.18,0.07,0.10,N/a,N/a,N/a,N/a,25.0,0.22,0.13,15.7,1132,84.4,15688,93.7,87.1,39.3,27,64,23,5,94,58,2.12,9,0.33,75,47,61,24,37,6,31,21,1668,79,461,728,500,64,94,48.9,37.2,872,4778,2495,64,50,18,35,36,1010,140,26,30,3,63,125,15,24,38.5
Raúl Jiménez,mxMEX,FW,Fulham,33-334,30,24,"1,912",10,3,3,0,10.4,2.8,30,45,107,0.47,0.14,0.49,0.13,N/a,N/a,N/a,N/a,34.2,1.22,0.09,14.7,360,71.0,5501,81.8,75.5,59.6,15,29,8,3,45,50,2.35,6,0.28,26,16,17,11,17,5,12,9,784,27,92,339,364,135,43,41.9,51.2,442,1996,879,30,16,16,51,38,574,107,32,33,13,18,57,57,76,42.9
Reece James,engENG,"DF,MF",Chelsea,25-117,12,8,690,1,0,1,0,0.2,0.3,5,42,8,0.13,0.00,0.02,0.04,N/a,N/a,N/a,N/a,20.0,0.13,0.20,23.3,482,85.0,8652,94.6,88.1,53.2,7,65,5,1,42,11,1.43,1,0.13,7,7,9,6,11,4,7,8,631,26,176,351,108,2,14,42.9,28.6,321,1306,622,5,4,0,5,3,404,8,5,9,0,32,34,19,6,76.0
Reiss Nelson,engENG,FW,Fulham,25-115,11,5,487,1,1,1,0,1.1,1.0,45,35,63,0.18,0.18,0.20,0.18,N/a,N/a,N/a,N/a,N/a,0.00,N/a,N/a,0,N/a,0,N/a,N/a,N/a,0,0,0,0,0,0,0.00,0,0.00,1,0,1,1,0,0,0,0,2,0,1,1,0,0,0,N/a,N/a,1,4,4,0,0,0,0,0,1,0,1,1,0,0,0,0,0,N/a
Renato Veiga,ptPOR,"DF,MF",Chelsea,21-249,7,1,181,0,0,2,0,0.1,0.0,4,7,3,0.00,0.00,0.07,0.00,N/a,N/a,N/a,N/a,33.3,0.50,0.00,17.1,118,84.9,2171,88.2,90.2,61.9,0,6,1,0,7,1,0.49,0,0.00,9,6,12,8,3,1,2,1,167,2,61,82,27,3,5,60.0,40.0,85,417,144,4,5,1,1,0,110,3,6,1,1,0,9,3,3,50.0
Ricardo Pereira,ptPOR,"DF,MF",Leicester City,31-180,4,2,168,0,0,1,0,0.1,0.0,2,7,4,0.00,0.00,0.05,0.00,N/a,N/a,N/a,N/a,50.0,0.54,0.00,17.0,92,84.4,1419,88.3,80.6,100.0,0,9,0,0,7,2,1.07,0,0.00,3,2,5,4,4,1,3,1,125,5,31,69,25,3,4,50.0,25.0,73,219,85,2,2,1,1,0,76,4,2,4,0,2,9,1,0,100.0
Riccardo Calafiori,itITA,DF,Arsenal,22-320,17,11,925,2,1,4,0,0.9,0.3,21,54,29,0.19,0.10,0.08,0.03,N/a,N/a,N/a,N/a,60.0,0.58,0.20,14.1,449,85.4,6549,91.6,85.7,67.9,6,40,9,1,54,13,1.26,2,0.19,26,18,29,11,12,6,6,9,628,30,161,249,222,29,13,69.2,23.1,291,1572,839,21,12,3,11,5,377,29,16,6,3,11,30,22,13,62.9
Richarlison,brBRA,FW,Tottenham,27-329,9,2,279,2,1,1,0,1.2,0.9,8,10,17,0.65,0.32,0.38,0.29,N/a,N/a,N/a,N/a,50.0,0.97,0.33,8.4,49,65.3,750,75.0,61.5,71.4,4,7,4,2,10,8,2.57,1,0.32,4,3,0,0,1,1,0,0,116,8,19,62,36,12,9,11.1,77.8,56,310,138,8,7,3,4,5,79,17,4,7,1,7,8,7,14,33.3
Rico Lewis,engENG,"DF,MF",Manchester City,20-134,24,19,"1,703",1,2,5,1,1.4,0.3,36,97,63,0.05,0.11,0.07,0.02,N/a,N/a,N/a,N/a,20.0,0.11,0.10,15.8,1049,91.9,15077,95.1,94.0,66.7,7,85,13,0,97,29,1.53,2,0.11,28,18,20,8,25,6,19,11,1294,47,252,651,404,42,19,42.1,52.6,748,3818,1967,36,37,8,19,18,921,63,10,29,0,3,88,5,13,27.8
Robert Sánchez,esESP,GK,Chelsea,27-137,24,24,"2,160",0,0,5,0,0.0,0.0,0,1,0,0.00,0.00,0.00,0.00,1.17,77.4,25.0,20.0,N/a,0.00,N/a,N/a,685,72.3,16310,99.4,96.2,39.2,1,17,1,0,1,6,0.25,2,0.08,0,0,1,1,0,0,0,2,1007,739,997,10,0,0,0,N/a,N/a,672,3177,2007,0,0,0,0,0,637,0,2,3,0,0,35,5,0,100.0
Robin Olsen,seSWE,GK,Aston Villa,35-086,3,1,180,0,0,0,0,0.0,0.0,0,0,0,0.00,0.00,0.00,0.00,2.00,55.6,100.0,N/a,N/a,0.00,N/a,N/a,54,71.1,1466,100.0,100.0,37.1,0,2,0,0,0,2,1.00,1,0.50,1,0,1,0,0,0,0,0,83,73,82,1,0,0,0,N/a,N/a,44,226,109,0,0,0,0,0,41,0,0,0,0,0,2,0,0,N/a
Rodrigo Bentancur,uyURU,MF,Tottenham,27-283,20,17,"1,336",2,0,7,0,1.3,0.4,21,82,27,0.13,0.00,0.09,0.03,N/a,N/a,N/a,N/a,22.7,0.34,0.09,17.4,804,88.4,12845,92.3,92.8,71.7,9,89,11,2,82,38,2.56,2,0.13,33,16,33,16,22,7,15,32,1096,62,266,653,186,21,16,43.8,43.8,656,2964,1191,21,22,5,14,17,730,27,26,10,1,3,103,34,21,61.8
Rodrigo Gomes,ptPOR,"DF,FW",Wolves,21-271,17,6,569,1,0,0,0,0.4,0.7,17,22,57,0.16,0.00,0.06,0.11,N/a,N/a,N/a,N/a,50.0,0.32,0.25,15.9,141,65.3,2092,77.6,67.1,27.3,9,9,11,3,22,14,2.22,0,0.00,19,12,17,8,8,1,7,4,297,22,70,105,125,22,11,27.3,54.5,147,982,586,17,11,7,14,6,173,57,2,4,0,18,20,4,15,21.1
Rodrigo Muniz,brBRA,FW,Fulham,23-335,29,6,833,7,1,1,0,5.2,0.7,4,25,30,0.76,0.11,0.57,0.08,N/a,N/a,N/a,N/a,47.1,1.73,0.21,12.2,85,65.4,1442,68.3,70.7,84.6,7,12,3,0,25,12,1.29,1,0.11,9,4,4,0,9,2,7,5,283,12,25,145,117,49,15,33.3,46.7,142,585,155,4,4,1,42,21,214,30,11,25,2,1,11,59,58,50.4
Roméo Lavia,beBEL,MF,Chelsea,21-088,11,8,541,0,1,4,0,0.2,0.7,3,18,6,0.00,0.17,0.03,0.11,N/a,N/a,N/a,N/a,0.0,0.00,0.00,16.0,269,91.8,4535,90.1,96.2,82.4,6,35,3,0,18,11,1.83,2,0.33,17,10,14,7,6,0,6,11,344,12,86,209,53,1,12,58.3,41.7,204,935,407,3,8,0,1,6,249,6,10,3,0,0,28,7,2,77.8
Ross Barkley,engENG,MF,Aston Villa,31-120,16,3,554,3,1,3,0,1.7,0.6,14,32,8,0.49,0.16,0.27,0.09,N/a,N/a,N/a,N/a,28.6,0.65,0.21,13.8,317,86.4,4962,88.2,92.4,72.2,8,29,6,0,32,16,2.60,3,0.49,13,3,13,4,9,3,6,9,429,16,68,255,112,17,10,80.0,20.0,254,1377,640,14,13,2,5,8,302,8,8,3,0,1,40,6,4,60.0
Ross Stewart,sctSCO,"FW,MF",Southampton,28-267,4,1,132,0,0,1,0,0.1,0.0,1,1,5,0.00,0.00,0.08,0.00,N/a,N/a,N/a,N/a,0.0,0.00,0.00,12.5,36,80.0,527,84.2,89.5,0.0,0,1,1,0,1,2,1.36,0,0.00,0,0,3,3,3,0,3,0,61,5,13,30,18,2,2,50.0,50.0,34,144,54,1,0,0,1,5,46,5,3,5,1,0,2,4,7,36.4
Ryan Christie,sctSCO,MF,Bournemouth,30-041,29,27,"2,117",2,3,9,0,1.8,3.5,34,137,44,0.09,0.13,0.08,0.15,N/a,N/a,N/a,N/a,36.4,0.51,0.06,19.6,837,79.3,14882,88.2,87.9,48.8,41,118,33,5,137,85,3.62,9,0.38,54,33,64,37,44,11,33,30,1376,74,256,773,372,46,48,47.9,45.8,726,3802,1773,34,40,8,44,25,777,44,43,31,1,48,182,20,28,41.7
Ryan Fraser,sctSCO,"FW,DF",Southampton,31-039,8,4,306,0,0,0,1,0.0,0.1,10,8,18,0.00,0.00,0.01,0.03,N/a,N/a,N/a,N/a,100.0,0.29,0.00,31.6,77,74.8,1121,93.5,70.0,30.0,2,3,1,0,8,5,1.47,0,0.00,6,2,6,2,1,1,0,1,131,12,45,50,37,3,3,66.7,33.3,74,492,252,10,5,2,4,2,94,18,1,4,1,12,10,2,3,40.0
Ryan Gravenberch,nlNED,MF,Liverpool,22-323,30,30,"2,561",0,2,5,0,0.9,2.8,56,144,48,0.00,0.07,0.03,0.10,N/a,N/a,N/a,N/a,26.7,0.14,0.00,24.0,1405,89.0,20953,92.5,91.4,60.5,23,121,28,1,144,55,1.93,6,0.21,54,28,43,18,30,8,22,52,1907,97,394,1116,422,22,62,48.4,37.1,1147,6034,3021,56,61,9,41,19,1369,48,37,39,0,6,159,20,8,71.4
Ryan Manning,ieIRL,"DF,MF",Southampton,28-294,18,13,"1,051",0,0,2,0,0.3,2.6,12,17,58,0.00,0.00,0.03,0.22,N/a,N/a,N/a,N/a,0.0,0.00,0.00,18.6,460,80.8,7739,92.7,85.2,50.0,23,12,8,7,17,34,2.91,1,0.09,24,16,21,9,17,10,7,13,692,51,187,278,234,20,30,36.7,43.3,343,1502,736,12,10,4,15,5,408,58,14,23,0,55,47,9,5,64.3
Ryan Sessegnon,engENG,"DF,MF",Fulham,24-321,8,1,110,2,1,0,0,0.7,0.5,5,2,11,1.64,0.82,0.60,0.41,N/a,N/a,N/a,N/a,100.0,3.27,0.50,11.7,30,76.9,406,84.6,66.7,100.0,3,1,1,0,2,5,4.09,2,1.64,4,0,5,3,1,0,1,1,60,1,12,21,28,9,4,25.0,75.0,30,241,169,5,3,4,1,4,36,11,6,1,0,3,5,3,1,75.0
Ryan Yates,engENG,MF,Nott'ham Forest,27-134,27,16,"1,636",2,1,8,0,2.2,1.0,16,43,12,0.11,0.06,0.12,0.06,N/a,N/a,N/a,N/a,27.6,0.44,0.07,18.2,519,82.0,7523,88.1,87.0,55.8,16,40,4,0,43,34,1.87,3,0.16,36,18,32,18,30,7,23,23,878,67,228,425,234,37,17,52.9,29.4,359,1746,775,16,18,1,21,18,458,12,44,45,6,3,83,39,24,61.9
Rúben Dias,ptPOR,DF,Manchester City,27-325,19,17,"1,551",0,0,3,0,1.3,0.3,30,97,6,0.00,0.00,0.07,0.01,N/a,N/a,N/a,N/a,26.7,0.23,0.00,19.5,1498,93.7,25861,96.9,95.9,71.8,5,141,5,0,97,19,1.10,0,0.00,13,7,8,3,13,11,2,16,1718,156,560,928,232,18,2,50.0,50.0,1221,7109,4171,30,47,1,5,1,1398,6,8,5,0,2,53,22,19,53.7
Sam Johnstone,engENG,GK,Wolves,32-010,7,7,630,0,0,0,0,0.0,0.0,0,0,0,0.00,0.00,0.00,0.00,2.43,61.5,0.0,0.0,N/a,0.00,N/a,N/a,184,66.2,5548,96.9,97.6,45.0,1,6,0,0,0,2,0.29,0,0.00,0,0,1,1,0,0,0,0,306,229,304,2,0,0,0,N/a,N/a,196,1221,756,0,0,0,0,0,179,0,0,0,0,0,9,4,0,100.0
Sam Morsy,egEGY,MF,Ipswich Town,33-206,25,23,"2,060",1,1,8,0,0.3,0.7,13,92,9,0.04,0.04,0.01,0.03,N/a,N/a,N/a,N/a,12.5,0.04,0.13,25.6,986,87.2,15749,93.2,91.8,62.0,16,121,11,2,92,35,1.53,2,0.09,53,29,52,30,22,8,14,24,1309,66,379,751,192,4,17,64.7,29.4,688,3651,1541,13,19,1,13,9,896,9,39,18,0,10,122,11,21,34.4
Sammie Szmodics,ieIRL,"FW,MF",Ipswich Town,29-192,19,13,979,4,0,2,0,3.4,0.2,16,18,46,0.37,0.00,0.31,0.02,N/a,N/a,N/a,N/a,57.1,1.10,0.19,14.0,144,74.2,2402,87.0,84.4,51.7,4,10,4,1,18,9,0.83,0,0.00,15,9,23,17,10,2,8,6,309,17,80,119,116,33,12,33.3,50.0,174,989,399,16,8,7,24,17,189,46,9,8,8,13,41,6,11,35.3
Sander Berge,noNOR,MF,Fulham,27-049,23,19,"1,734",0,0,4,0,0.2,0.6,19,91,6,0.00,0.00,0.01,0.03,N/a,N/a,N/a,N/a,0.0,0.00,0.00,7.6,856,91.0,15336,91.7,93.6,86.3,16,92,2,0,91,35,1.82,1,0.05,46,26,33,9,24,8,16,19,1094,68,308,633,158,10,15,53.3,33.3,627,3328,1403,19,17,2,6,12,698,6,25,5,0,3,100,23,15,60.5
Sandro Tonali,itITA,MF,Newcastle Utd,24-331,27,19,"1,820",2,1,5,0,3.2,0.6,29,83,38,0.10,0.05,0.16,0.03,N/a,N/a,N/a,N/a,33.3,0.40,0.08,18.7,833,82.5,12813,89.4,85.4,53.6,11,72,14,3,83,45,2.22,5,0.25,41,27,39,19,24,10,14,24,1207,45,284,676,268,31,27,59.3,29.6,668,3614,1534,29,28,4,21,23,837,38,31,37,2,26,128,10,8,55.6
Santiago Bueno,uyURU,DF,Wolves,26-146,23,17,"1,533",0,0,2,0,0.4,0.0,1,27,1,0.00,0.00,0.03,0.00,N/a,N/a,N/a,N/a,50.0,0.18,0.00,14.0,689,88.0,12663,92.7,93.7,56.5,0,21,1,0,27,11,0.65,4,0.23,32,16,17,4,32,18,14,14,937,151,475,447,18,6,2,0.0,100.0,514,2613,1376,1,2,0,2,2,614,1,25,5,0,0,40,34,31,52.3
Saša Lukić,rsSRB,MF,Fulham,28-234,23,22,"1,804",0,2,11,0,0.8,2.6,32,75,23,0.00,0.10,0.04,0.13,N/a,N/a,N/a,N/a,8.3,0.05,0.00,19.9,876,87.9,14855,92.9,92.2,69.3,21,81,11,4,75,44,2.20,2,0.10,55,30,45,29,16,6,10,22,1177,42,249,681,258,12,13,46.2,30.8,658,3554,1804,32,33,3,17,7,759,23,51,23,0,51,91,18,18,50.0
Sean Longstaff,engENG,MF,Newcastle Utd,27-156,21,8,746,0,0,2,0,0.6,0.2,4,38,20,0.00,0.00,0.07,0.02,N/a,N/a,N/a,N/a,16.7,0.12,0.00,13.5,273,84.3,4068,87.4,91.8,66.7,4,24,1,0,38,14,1.69,2,0.24,27,16,26,8,15,4,11,6,400,19,109,179,115,21,6,33.3,50.0,230,1122,414,4,10,2,8,7,286,20,9,5,0,5,29,6,7,46.2
Sepp van den Berg,nlNED,DF,Brentford,23-105,23,21,"1,866",0,0,1,0,0.8,0.2,7,54,26,0.00,0.00,0.04,0.01,N/a,N/a,N/a,N/a,33.3,0.19,0.00,11.8,764,83.9,12907,87.0,88.2,63.5,4,48,3,1,54,19,0.92,2,0.10,31,18,23,9,43,29,14,18,1159,207,577,440,144,36,7,57.1,42.9,485,2262,1126,7,9,0,12,5,638,26,16,5,1,7,68,70,59,54.3
Sergio Reguilón,esESP,DF,Tottenham,28-109,3,0,123,0,0,2,0,0.1,0.0,4,12,10,0.00,0.00,0.05,0.02,N/a,N/a,N/a,N/a,0.0,0.00,0.00,5.4,73,69.5,1144,75.0,76.6,33.3,1,11,2,1,12,1,0.73,0,0.00,4,3,3,1,4,0,4,2,121,2,28,61,33,3,4,50.0,0.0,64,293,180,4,2,1,1,1,74,10,2,5,0,10,9,5,2,71.4
Simon Adingra,ciCIV,"FW,MF",Brighton,23-093,21,7,715,2,1,0,0,1.6,1.4,25,11,88,0.25,0.13,0.20,0.18,N/a,N/a,N/a,N/a,27.8,0.63,0.11,16.6,182,75.2,2522,86.6,73.5,50.0,10,3,9,3,11,28,3.52,4,0.50,14,7,18,12,7,0,7,7,354,6,52,111,196,45,33,42.4,57.6,231,1535,718,25,15,13,29,8,246,88,9,1,2,23,33,3,1,75.0
Son Heung-min,krKOR,FW,Tottenham,32-270,27,22,"1,948",7,9,1,0,7.0,8.1,84,99,250,0.32,0.42,0.32,0.37,N/a,N/a,N/a,N/a,46.2,1.11,0.12,17.0,684,78.9,9534,89.9,79.6,48.0,49,34,49,6,99,112,5.18,14,0.65,16,9,21,16,8,0,8,4,1059,15,108,335,626,115,77,36.4,48.1,709,4367,2258,84,45,38,25,27,815,250,5,27,11,75,80,6,11,35.3
Stefan Ortega,deGER,GK,Manchester City,32-149,10,10,900,0,0,1,0,0.0,0.0,0,0,0,0.00,0.00,0.00,0.00,1.70,63.6,20.0,0.0,N/a,0.00,N/a,N/a,312,82.8,7003,97.8,97.5,53.7,0,6,0,0,0,0,0.00,0,0.00,0,0,1,1,0,0,0,0,405,308,402,3,0,0,0,N/a,N/a,261,1221,687,0,0,0,0,0,249,0,1,2,0,0,6,0,0,N/a
Stephy Mavididi,engENG,FW,Leicester City,26-308,27,14,"1,397",3,1,2,0,1.6,2.4,75,53,118,0.19,0.06,0.10,0.16,N/a,N/a,N/a,N/a,27.3,0.39,0.14,15.8,403,74.8,5534,91.0,67.3,42.5,19,30,24,7,53,45,2.90,7,0.45,29,15,35,25,22,2,20,10,759,21,116,291,367,51,84,35.7,52.4,515,3809,2051,75,34,21,36,34,546,118,16,14,2,64,74,9,14,39.1
Sven Botman,nlNED,DF,Newcastle Utd,25-082,3,3,224,0,0,1,0,0.0,0.0,0,3,0,0.00,0.00,0.01,0.00,N/a,N/a,N/a,N/a,0.0,0.00,0.00,11.7,113,88.3,1909,84.4,98.0,66.7,0,6,0,0,3,0,0.00,0,0.00,5,3,3,1,2,1,1,4,156,24,63,89,5,5,3,33.3,33.3,82,350,171,0,0,0,1,0,101,0,4,2,0,0,8,9,5,64.3
Sávio,brBRA,"FW,MF",Manchester City,20-359,25,20,"1,648",1,8,3,0,4.8,6.6,129,65,226,0.05,0.44,0.26,0.36,N/a,N/a,N/a,N/a,37.7,1.09,0.02,17.7,642,80.7,9592,89.7,80.0,58.5,43,18,47,8,65,105,5.73,15,0.82,21,15,17,9,13,2,11,6,1022,11,51,261,727,146,109,45.9,34.9,737,6115,3385,129,42,73,41,37,799,226,17,26,3,78,73,0,2,0.0
Séamus Coleman,ieIRL,DF,Everton,36-175,3,2,197,0,0,1,0,0.6,0.0,1,8,2,0.00,0.00,0.26,0.00,N/a,N/a,N/a,N/a,100.0,0.46,0.00,10.5,57,72.2,1046,93.1,77.4,37.5,0,6,0,0,8,2,0.91,1,0.46,2,1,3,1,5,3,2,1,100,11,39,43,19,2,5,80.0,20.0,43,225,109,1,1,0,1,1,51,2,0,1,0,3,7,1,1,50.0
Taiwo Awoniyi,ngNGA,FW,Nott'ham Forest,27-235,23,3,363,1,0,0,0,2.1,0.1,6,7,19,0.25,0.00,0.52,0.03,N/a,N/a,N/a,N/a,40.0,0.99,0.10,12.6,57,65.5,629,75.5,54.2,0.0,2,5,2,0,7,9,2.23,1,0.25,6,3,5,1,1,0,1,0,151,4,13,68,71,21,8,37.5,62.5,83,373,183,6,5,2,17,16,104,19,7,9,1,2,16,11,31,26.2
Tariq Lamptey,ghGHA,DF,Brighton,24-186,13,9,765,2,2,0,0,0.4,0.8,25,12,40,0.24,0.24,0.05,0.09,N/a,N/a,N/a,N/a,33.3,0.24,0.33,18.5,314,82.4,4884,93.4,80.0,51.4,5,11,5,4,12,15,1.76,3,0.35,14,10,22,15,12,5,7,6,489,25,147,208,137,9,27,33.3,55.6,267,1867,893,25,13,2,9,4,276,40,12,10,0,24,35,1,12,7.7
Taylor Harwood-Bellis,engENG,DF,Southampton,23-064,27,25,"2,210",1,0,7,0,1.7,0.8,26,104,8,0.04,0.00,0.07,0.03,N/a,N/a,N/a,N/a,38.9,0.29,0.06,10.2,1560,87.9,28847,93.4,91.4,63.6,12,154,8,0,104,30,1.22,2,0.08,26,18,28,10,54,34,20,27,2024,268,940,945,148,34,3,100.0,0.0,1160,5325,3089,26,26,0,13,5,1471,8,26,12,0,9,104,47,29,61.8
Thiago,brBRA,FW,Brentford,23-282,4,1,132,0,0,0,0,0.1,0.1,3,2,4,0.00,0.00,0.07,0.05,N/a,N/a,N/a,N/a,0.0,0.00,0.00,14.7,28,71.8,428,70.0,75.0,75.0,2,1,1,0,2,2,1.36,0,0.00,2,2,1,1,0,0,0,2,56,6,11,23,23,2,3,66.7,33.3,34,119,42,3,2,1,5,1,35,4,3,3,1,1,9,4,3,57.1
Thomas Partey,ghGHA,"MF,DF",Arsenal,31-295,29,25,"2,279",3,2,4,0,1.8,1.9,30,155,38,0.12,0.08,0.07,0.08,N/a,N/a,N/a,N/a,27.3,0.24,0.14,19.8,1381,87.5,22064,93.1,88.6,67.8,17,134,32,2,155,52,2.05,12,0.47,79,48,67,24,21,6,15,29,1798,58,371,978,458,24,27,63.0,29.6,999,5320,2805,30,33,2,19,11,1265,38,36,25,1,10,112,23,18,56.1
Tim Iroegbunam,engENG,MF,Everton,21-278,14,4,490,0,1,3,0,0.2,0.2,7,13,9,0.00,0.18,0.04,0.03,N/a,N/a,N/a,N/a,0.0,0.00,0.00,22.5,100,72.5,1706,72.6,82.6,72.2,3,9,1,0,13,10,1.84,1,0.18,25,12,18,6,11,3,8,13,230,17,72,110,54,12,18,44.4,33.3,111,655,332,7,9,2,9,15,101,9,14,11,0,0,44,8,2,80.0
Timo Werner,deGER,"FW,MF",Tottenham,29-029,18,4,516,0,3,0,0,1.0,2.5,42,30,89,0.00,0.52,0.17,0.44,N/a,N/a,N/a,N/a,37.5,0.52,0.00,18.2,158,66.9,2383,82.5,70.9,38.9,10,3,15,2,30,18,3.13,3,0.52,6,4,13,10,10,1,9,1,298,8,24,78,203,33,19,52.6,42.1,215,1768,1062,42,24,18,14,6,227,89,3,5,5,28,18,0,1,0.0
Timothy Castagne,beBEL,DF,Fulham,29-120,20,15,"1,432",0,1,1,0,0.4,1.2,16,57,65,0.00,0.06,0.02,0.08,N/a,N/a,N/a,N/a,37.5,0.19,0.00,14.0,695,82.2,11121,90.4,86.1,49.2,9,47,5,3,57,23,1.45,2,0.13,39,24,38,16,12,3,9,19,1019,77,387,411,226,29,9,44.4,33.3,499,2031,987,16,13,1,11,5,604,65,12,5,1,37,48,26,31,45.6
Toby Collyer,engENG,MF,Manchester Utd,21-091,6,0,179,0,0,0,0,0.2,0.3,0,5,2,0.00,0.00,0.09,0.13,N/a,N/a,N/a,N/a,0.0,0.00,0.00,6.2,76,82.6,1127,86.0,86.5,75.0,2,3,1,0,5,5,2.50,0,0.00,12,9,6,1,2,1,1,2,129,9,46,59,25,3,2,50.0,50.0,68,239,56,0,0,0,11,1,71,2,2,4,0,0,17,3,1,75.0
Tom Cairney,sctSCO,MF,Fulham,34-074,19,2,438,1,0,2,1,0.1,0.7,13,45,21,0.21,0.00,0.03,0.14,N/a,N/a,N/a,N/a,25.0,0.21,0.25,23.5,433,92.1,6800,94.4,95.4,78.8,8,43,7,3,45,24,4.91,2,0.41,10,5,7,3,4,1,3,4,506,5,69,275,169,7,11,36.4,27.3,343,1676,807,13,15,3,4,3,417,21,7,16,0,12,36,4,6,40.0
Tommy Doyle,engENG,MF,Wolves,23-169,24,3,488,0,1,1,0,0.6,0.5,6,40,4,0.00,0.18,0.10,0.09,N/a,N/a,N/a,N/a,22.2,0.37,0.00,24.5,321,81.9,6591,94.1,89.0,65.6,7,44,3,0,40,17,3.13,3,0.55,11,6,15,9,11,5,6,5,463,22,128,258,80,4,9,55.6,11.1,260,1417,578,6,3,0,9,4,303,4,5,5,0,15,43,1,6,14.3
Tomáš Souček,czCZE,MF,West Ham,30-036,28,24,"2,097",7,1,8,0,5.3,1.0,6,66,57,0.30,0.04,0.23,0.04,N/a,N/a,N/a,N/a,26.1,0.52,0.15,11.3,585,73.5,9852,78.6,76.9,69.1,14,56,8,1,66,43,1.85,3,0.13,35,17,34,17,32,15,17,13,1042,103,286,511,249,90,11,54.5,45.5,398,1198,432,6,10,3,16,9,628,57,39,23,2,11,48,84,64,56.8
Tosin Adarabioyo,engENG,DF,Chelsea,27-192,17,11,"1,092",1,1,2,0,0.9,0.2,5,30,1,0.08,0.08,0.07,0.02,N/a,N/a,N/a,N/a,18.2,0.16,0.09,12.3,875,91.1,16057,95.4,95.1,60.2,1,48,0,0,30,10,0.82,1,0.08,14,10,12,4,7,6,1,9,1063,137,509,536,19,12,2,100.0,0.0,642,2646,1509,5,1,0,3,0,823,1,7,4,1,0,30,33,22,60.0
Toti Gomes,ptPOR,DF,Wolves,26-078,23,22,"1,894",0,1,4,0,0.2,0.8,18,57,12,0.00,0.05,0.01,0.04,N/a,N/a,N/a,N/a,25.0,0.05,0.00,17.3,1032,85.0,17508,90.4,92.7,52.4,6,61,4,2,57,15,0.71,1,0.05,46,33,30,6,24,14,10,19,1443,180,689,695,76,12,22,68.2,22.7,821,4096,2215,18,14,0,16,12,959,12,16,10,4,10,78,36,16,69.2
Trent Alexander-Arnold,engENG,DF,Liverpool,26-179,28,26,"2,145",2,6,4,0,1.6,6.7,48,204,87,0.08,0.25,0.07,0.28,N/a,N/a,N/a,N/a,18.4,0.29,0.05,23.6,1321,73.9,25377,90.0,76.0,50.4,50,187,62,20,204,92,3.86,10,0.42,67,47,99,53,25,8,17,30,2044,82,546,902,609,39,29,44.8,48.3,1075,4978,2652,48,35,8,19,15,1299,87,9,7,1,140,120,3,12,20.0
Trevoh Chalobah,engENG,DF,Crystal Palace,25-273,12,12,"1,060",3,0,1,0,1.2,0.4,11,34,6,0.25,0.00,0.10,0.03,N/a,N/a,N/a,N/a,36.4,0.34,0.27,15.1,349,79.0,6831,88.7,85.2,51.2,4,27,2,1,34,11,0.93,0,0.00,20,16,23,11,19,9,10,19,594,66,275,276,51,14,10,60.0,20.0,278,1213,661,11,9,1,4,7,317,6,10,15,1,7,56,22,19,53.7
Trevoh Chalobah,engENG,DF,Crystal Palace,25-273,12,12,"1,060",3,0,1,0,1.2,0.4,11,34,6,0.25,0.00,0.10,0.03,N/a,N/a,N/a,N/a,36.4,0.34,0.27,15.1,349,79.0,6831,88.7,85.2,51.2,4,27,2,1,34,11,0.93,0,0.00,20,16,23,11,19,9,10,19,594,66,275,276,51,14,10,60.0,20.0,278,1213,661,11,9,1,4,7,317,6,10,15,1,7,56,22,19,53.7
Tyler Adams,usUSA,MF,Bournemouth,26-049,20,13,"1,290",0,3,4,0,1.2,0.8,10,50,7,0.00,0.21,0.08,0.06,N/a,N/a,N/a,N/a,16.7,0.07,0.00,18.7,573,83.8,9128,89.6,87.7,53.5,13,46,2,1,50,30,2.09,4,0.28,66,42,53,24,23,6,17,28,886,37,226,512,156,12,13,15.4,61.5,424,1884,854,10,14,1,21,9,478,7,30,14,0,3,74,21,15,58.3
Tyler Dibling,engENG,"FW,MF",Southampton,19-023,26,17,"1,550",2,0,6,0,2.4,1.4,60,54,80,0.12,0.00,0.14,0.08,N/a,N/a,N/a,N/a,33.3,0.52,0.07,19.7,400,79.7,6033,88.9,85.1,42.5,18,22,19,1,54,53,3.08,4,0.23,30,18,22,9,17,5,12,7,716,17,89,332,312,37,97,41.2,37.1,464,3777,1886,60,42,24,38,43,535,80,24,44,0,24,66,9,20,31.0
Tyrell Malacia,nlNED,DF,Manchester Utd,25-230,3,2,100,0,0,1,0,0.0,0.0,3,3,6,0.00,0.00,0.00,0.03,N/a,N/a,N/a,N/a,N/a,0.00,N/a,N/a,49,89.1,642,93.9,92.9,100.0,1,7,1,0,3,2,1.80,0,0.00,2,1,2,1,0,0,0,1,62,2,20,27,15,0,1,100.0,0.0,37,190,118,3,2,0,1,2,43,6,3,2,0,1,3,0,0,N/a
Tyrick Mitchell,engENG,DF,Crystal Palace,25-215,29,29,"2,458",0,4,2,0,1.2,5.3,50,55,140,0.00,0.15,0.05,0.20,N/a,N/a,N/a,N/a,18.2,0.07,0.00,13.4,801,72.2,12972,83.6,74.8,43.2,35,42,27,13,55,61,2.24,5,0.18,75,49,39,18,54,10,44,12,1423,89,482,553,401,38,28,42.9,46.4,665,3107,1402,50,30,8,33,25,742,140,15,21,2,84,138,16,20,44.4
Tyrone Mings,engENG,DF,Aston Villa,32-022,10,8,781,0,0,1,0,0.6,0.2,3,29,0,0.00,0.00,0.07,0.02,N/a,N/a,N/a,N/a,20.0,0.12,0.00,8.8,448,87.5,8051,91.6,93.8,51.9,2,36,5,0,29,14,1.61,1,0.12,6,5,2,0,12,10,2,5,599,103,312,255,36,11,2,100.0,0.0,372,1971,988,3,11,0,3,1,418,0,3,8,0,1,22,20,14,58.8
Valentino Livramento,engENG,DF,Newcastle Utd,22-143,28,23,"2,030",0,0,1,0,0.1,1.4,50,108,74,0.00,0.00,0.01,0.06,N/a,N/a,N/a,N/a,33.3,0.04,0.00,20.3,998,84.6,14753,90.4,85.6,53.1,15,76,21,5,108,28,1.24,0,0.00,42,29,41,17,26,9,17,20,1419,94,489,637,316,18,38,44.7,39.5,732,4211,2094,50,28,5,20,29,785,74,6,27,2,33,143,18,29,38.3
Victor Bernth Kristiansen,dkDEN,DF,Leicester City,22-109,27,27,"2,335",0,1,1,0,0.3,1.3,38,68,71,0.00,0.04,0.01,0.05,N/a,N/a,N/a,N/a,0.0,0.00,0.00,17.7,993,77.7,15994,89.5,80.1,41.8,17,72,22,17,68,40,1.54,3,0.12,84,49,85,39,36,13,23,39,1556,112,561,698,310,15,16,43.8,50.0,790,3777,1779,38,24,5,12,12,856,71,17,17,3,92,96,19,41,31.7
Victor Lindelöf,seSWE,DF,Manchester Utd,30-261,8,2,244,0,0,1,0,0.0,0.1,1,5,1,0.00,0.00,0.00,0.03,N/a,N/a,N/a,N/a,N/a,0.00,N/a,N/a,77,90.6,1213,86.5,97.7,50.0,3,5,2,1,5,4,1.48,0,0.00,3,0,2,1,2,1,1,4,122,23,77,38,7,3,0,N/a,N/a,58,330,150,1,0,0,1,0,69,1,5,0,0,1,3,9,6,60.0
Virgil van Dijk,nlNED,DF,Liverpool,33-270,30,30,"2,700",1,1,3,0,1.6,0.5,16,145,5,0.03,0.03,0.05,0.02,N/a,N/a,N/a,N/a,31.6,0.20,0.05,13.6,2158,91.7,39126,96.2,95.5,67.4,10,229,3,0,145,37,1.23,4,0.13,33,15,18,8,22,12,10,48,2647,363,1052,1470,133,37,5,60.0,40.0,1501,7303,4036,16,19,3,5,2,1819,5,14,12,0,1,95,95,40,70.4
Vitaliy Mykolenko,uaUKR,DF,Everton,25-310,28,28,"2,452",0,1,2,0,0.4,1.5,27,89,69,0.00,0.04,0.01,0.05,N/a,N/a,N/a,N/a,0.0,0.00,0.00,20.9,746,73.1,12422,88.5,72.9,42.1,18,76,30,17,89,31,1.14,3,0.11,52,31,45,21,22,9,13,32,1311,103,421,559,341,22,16,31.3,50.0,525,2115,1178,27,21,1,18,8,645,69,18,25,1,75,68,40,34,54.1
Vitaly Janelt,deGER,MF,Brentford,26-329,29,26,"2,157",1,3,3,0,0.8,2.2,17,78,36,0.04,0.13,0.03,0.09,N/a,N/a,N/a,N/a,28.6,0.17,0.07,17.7,848,82.8,14147,90.8,85.4,56.6,13,77,22,7,78,31,1.29,3,0.13,36,20,35,15,30,7,23,26,1244,115,396,561,295,30,11,27.3,54.5,636,2968,1259,17,17,3,16,10,791,36,24,15,1,28,102,19,11,63.3
Vladimír Coufal,czCZE,DF,West Ham,32-225,15,8,736,0,0,2,0,0.2,0.6,11,28,21,0.00,0.00,0.02,0.08,N/a,N/a,N/a,N/a,25.0,0.12,0.00,16.7,297,76.2,4984,87.5,77.8,44.6,6,28,12,7,28,13,1.59,1,0.12,14,9,15,9,11,10,1,6,484,48,188,191,106,8,7,28.6,28.6,190,932,425,11,4,1,8,5,252,21,17,10,0,19,24,17,10,63.0
Wataru Endo,jpJPN,MF,Liverpool,32-054,15,0,148,0,0,0,0,0.0,0.0,0,9,1,0.00,0.00,0.00,0.01,N/a,N/a,N/a,N/a,N/a,0.00,N/a,N/a,79,94.0,1254,95.2,96.9,100.0,1,8,1,0,9,3,1.80,0,0.00,8,6,8,3,3,0,3,3,111,4,25,69,18,2,1,100.0,0.0,48,174,47,0,0,1,5,2,71,1,10,6,0,0,7,1,3,25.0
Welington,brBRA,"DF,MF",Southampton,24-044,5,3,182,0,0,1,0,0.0,0.0,2,3,9,0.00,0.00,0.00,0.02,N/a,N/a,N/a,N/a,0.0,0.00,0.00,31.9,56,74.7,942,76.0,78.4,75.0,2,3,5,4,3,4,1.98,0,0.00,10,2,10,4,3,1,2,3,111,11,43,36,35,2,4,75.0,0.0,37,155,87,2,3,1,5,0,44,9,2,5,0,10,9,0,2,0.0
Wes Burns,wlsWAL,"FW,DF",Ipswich Town,30-132,18,12,926,0,1,1,0,0.5,1.6,38,8,65,0.00,0.10,0.05,0.16,N/a,N/a,N/a,N/a,14.3,0.10,0.00,18.3,153,60.5,2416,80.4,65.4,38.9,10,8,8,7,8,16,1.55,1,0.10,13,11,10,6,7,2,5,10,350,21,69,129,160,18,24,37.5,58.3,216,1458,696,38,13,10,17,13,220,65,4,11,0,46,50,8,21,27.6
Wesley Fofana,frFRA,DF,Chelsea,24-108,14,14,"1,172",0,0,7,0,0.4,0.4,19,32,4,0.00,0.00,0.03,0.03,N/a,N/a,N/a,N/a,0.0,0.00,0.00,10.6,724,90.2,12262,93.9,92.5,61.9,6,54,1,0,32,15,1.15,0,0.00,13,12,14,8,14,9,5,14,933,81,370,523,55,10,15,53.3,20.0,557,3149,1614,19,12,1,16,5,665,4,24,16,0,1,54,27,12,69.2
Wilfred Ndidi,ngNGA,MF,Leicester City,28-109,21,21,"1,735",0,4,5,0,1.6,1.7,13,51,67,0.00,0.21,0.09,0.09,N/a,N/a,N/a,N/a,47.1,0.41,0.00,14.8,597,78.8,8352,85.5,80.8,50.0,11,50,7,1,51,22,1.14,3,0.16,64,36,44,23,37,15,22,19,1038,102,356,490,201,47,26,46.2,46.2,492,2042,839,13,17,2,28,25,605,67,32,16,3,25,95,41,37,52.6
Will Hughes,engENG,MF,Crystal Palace,29-352,24,19,"1,641",0,3,10,0,0.9,2.5,18,79,24,0.00,0.16,0.05,0.14,N/a,N/a,N/a,N/a,5.9,0.05,0.00,22.7,601,76.7,9722,88.4,82.9,40.0,28,63,14,3,79,59,3.24,6,0.33,61,33,58,31,27,12,15,16,967,33,212,508,259,14,11,27.3,45.5,432,2295,1070,18,22,1,16,22,547,24,52,26,0,55,99,14,13,51.9
William Saliba,frFRA,DF,Arsenal,24-011,28,28,"2,454",2,0,2,1,2.2,0.5,13,118,6,0.07,0.00,0.08,0.02,N/a,N/a,N/a,N/a,40.0,0.07,0.40,4.5,1868,93.6,32216,95.3,95.5,80.2,4,145,3,0,118,21,0.77,1,0.04,51,31,24,6,20,12,8,19,2210,153,873,1237,112,15,15,60.0,33.3,1344,5797,2973,13,10,0,16,5,1640,6,26,13,1,3,122,51,30,63.0
William Smallbone,ieIRL,MF,Southampton,25-042,12,6,555,1,0,1,0,0.4,0.6,4,22,18,0.16,0.00,0.06,0.10,N/a,N/a,N/a,N/a,20.0,0.16,0.20,17.6,214,75.6,3474,86.4,83.5,33.3,9,10,3,2,22,15,2.43,0,0.00,14,7,18,12,7,0,7,2,341,15,69,169,107,12,4,100.0,0.0,149,595,288,4,7,0,9,5,203,18,10,3,0,31,22,4,2,66.7
Willian,brBRA,"MF,FW",Fulham,36-238,6,1,155,0,0,0,0,0.1,0.2,5,23,15,0.00,0.00,0.07,0.13,N/a,N/a,N/a,N/a,0.0,0.00,0.00,22.9,103,85.8,1787,92.9,89.8,70.0,2,11,4,1,23,8,4.65,0,0.00,1,1,3,2,0,0,0,1,135,1,16,51,72,4,4,0.0,75.0,86,602,313,5,4,2,3,1,106,15,1,0,0,6,13,1,2,33.3
Willy Boly,ciCIV,DF,Nott'ham Forest,34-060,5,1,134,0,0,1,0,0.1,0.0,0,2,0,0.00,0.00,0.05,0.00,N/a,N/a,N/a,N/a,100.0,0.67,0.00,10.2,48,78.7,915,94.1,93.1,28.6,0,2,0,0,2,0,0.00,0,0.00,5,1,4,0,3,1,2,3,86,20,58,26,2,1,0,N/a,N/a,33,115,35,0,0,0,1,0,41,0,1,0,0,0,4,5,2,71.4
Wilson Odobert,frFRA,FW,Tottenham,20-127,9,5,416,0,0,0,0,0.7,0.1,29,17,38,0.00,0.00,0.15,0.03,N/a,N/a,N/a,N/a,11.1,0.22,0.00,16.5,126,77.8,1642,93.6,70.7,57.1,4,5,7,2,17,7,1.52,0,0.00,5,2,7,3,3,0,3,2,227,4,23,82,124,27,23,39.1,52.2,168,1341,774,29,17,16,13,11,171,38,0,3,0,12,25,3,2,60.0
Wout Faes,beBEL,DF,Leicester City,27-001,27,23,"2,185",1,0,3,0,1.2,0.1,11,72,1,0.04,0.00,0.05,0.00,N/a,N/a,N/a,N/a,10.0,0.04,0.10,10.5,1031,86.6,19116,93.0,94.4,52.4,4,72,5,0,72,12,0.49,0,0.00,35,21,37,18,41,29,12,23,1467,240,706,705,63,24,4,75.0,25.0,829,3882,2294,11,11,1,14,3,952,1,19,9,1,5,73,39,30,56.5
Woyo Coulibaly,frFRA,DF,Leicester City,25-319,4,1,109,0,0,1,0,0.0,0.0,4,3,2,0.00,0.00,0.04,0.00,N/a,N/a,N/a,N/a,50.0,0.83,0.00,19.4,48,84.2,797,82.4,84.2,100.0,0,3,0,0,3,0,0.00,0,0.00,6,4,2,0,3,1,2,5,76,8,27,31,20,4,1,0.0,100.0,48,288,169,4,2,1,4,0,36,2,2,1,0,0,14,0,3,0.0
Yankuba Minteh,gmGAM,"FW,MF",Brighton,20-256,24,13,"1,266",5,3,6,0,3.3,4.0,57,27,136,0.36,0.21,0.23,0.28,N/a,N/a,N/a,N/a,50.0,0.92,0.19,14.3,227,60.2,3707,74.4,67.0,40.4,22,10,20,5,27,43,3.06,8,0.57,37,27,41,26,16,0,16,10,578,23,105,162,328,99,76,48.7,42.1,315,2352,1428,57,15,44,37,16,323,136,15,8,4,66,63,13,24,35.1
Yasin Ayari,seSWE,MF,Brighton,21-180,26,17,"1,533",0,1,3,0,1.9,2.1,21,57,54,0.00,0.06,0.11,0.12,N/a,N/a,N/a,N/a,23.8,0.29,0.00,19.5,596,80.4,8931,91.1,83.8,35.1,26,36,14,2,57,50,2.93,5,0.29,48,26,44,25,19,5,14,17,948,46,215,477,269,39,38,42.1,34.2,477,2314,1024,21,16,6,31,21,609,54,31,21,3,54,94,8,17,32.0
Yehor Yarmoliuk,uaUKR,MF,Brentford,21-034,23,8,877,0,0,3,0,0.6,0.3,12,37,39,0.00,0.00,0.06,0.03,N/a,N/a,N/a,N/a,22.2,0.21,0.00,15.9,405,85.6,6798,86.7,87.7,90.0,6,46,5,2,37,16,1.65,2,0.21,30,19,38,20,23,6,17,8,618,42,169,310,153,14,20,45.0,45.0,310,1737,563,12,14,2,19,14,371,39,9,7,2,11,80,7,4,63.6
Yerson Mosquera,coCOL,DF,Wolves,23-337,5,5,441,0,0,2,0,0.3,0.1,0,7,0,0.00,0.00,0.07,0.02,N/a,N/a,N/a,N/a,0.0,0.00,0.00,12.4,205,85.4,3996,90.4,93.5,62.9,2,16,1,1,7,5,1.02,0,0.00,11,7,14,5,13,10,3,10,294,43,170,115,12,7,0,N/a,N/a,168,683,322,0,1,0,4,1,182,0,6,7,1,2,24,11,6,64.7
Yoane Wissa,cdCOD,FW,Brentford,28-213,27,26,"2,200",14,2,2,0,13.8,1.6,44,52,120,0.57,0.08,0.56,0.07,N/a,N/a,N/a,N/a,45.5,1.23,0.21,14.1,363,77.4,5277,86.1,75.9,57.9,20,37,8,1,52,54,2.21,7,0.29,12,6,15,9,24,5,19,6,722,26,108,298,329,121,38,31.6,44.7,433,2603,1198,44,17,24,56,24,521,120,23,42,12,20,56,25,29,46.3
Youri Tielemans,beBEL,MF,Aston Villa,27-332,30,30,"2,555",2,4,4,0,2.6,5.7,30,188,35,0.07,0.14,0.09,0.20,N/a,N/a,N/a,N/a,27.6,0.28,0.07,21.2,1424,81.9,24219,89.6,87.2,52.8,50,179,29,4,188,96,3.38,9,0.32,73,49,65,30,33,14,19,21,2013,85,414,1148,472,32,55,52.7,30.9,1079,4652,2086,30,23,8,29,25,1412,35,37,48,0,107,124,18,17,51.4
Yukinari Sugawara,jpJPN,"DF,MF",Southampton,24-280,27,15,"1,440",1,1,4,0,0.4,2.2,31,67,73,0.06,0.06,0.03,0.14,N/a,N/a,N/a,N/a,33.3,0.25,0.08,19.2,677,80.3,10704,87.9,83.1,51.5,17,43,21,9,67,39,2.43,1,0.06,28,16,29,12,17,7,10,10,1000,61,305,390,310,27,20,45.0,50.0,535,2467,1329,31,15,7,16,4,673,73,14,9,4,64,39,5,9,35.7
Yves Bissouma,mlMLI,MF,Tottenham,28-217,22,14,"1,145",2,0,6,0,0.6,0.2,15,68,3,0.16,0.00,0.04,0.02,N/a,N/a,N/a,N/a,33.3,0.24,0.22,22.3,645,89.2,9824,92.9,93.0,61.5,5,54,10,1,68,14,1.10,0,0.00,40,26,30,14,7,4,3,14,878,56,248,495,141,5,20,30.0,70.0,527,3104,1436,15,17,0,22,12,608,3,20,17,0,2,68,4,7,36.4
Álex Moreno,esESP,"DF,MF",Nott'ham Forest,31-300,14,10,865,0,1,2,0,0.2,1.0,25,30,32,0.00,0.10,0.02,0.10,N/a,N/a,N/a,N/a,0.0,0.00,0.00,23.7,273,72.0,4019,86.9,65.4,33.3,4,22,7,1,30,11,1.14,2,0.21,24,18,37,23,11,5,6,14,502,55,183,186,144,8,20,40.0,35.0,211,1380,821,25,16,4,13,5,232,32,11,6,0,16,43,1,9,10.0
İlkay Gündoğan,deGER,MF,Manchester City,34-162,26,18,"1,624",0,3,1,0,1.8,2.5,42,102,67,0.00,0.17,0.10,0.14,N/a,N/a,N/a,N/a,21.1,0.22,0.00,18.8,1174,89.2,18162,94.4,92.7,59.2,32,85,18,2,102,60,3.33,8,0.44,21,12,22,12,11,0,11,12,1448,34,217,702,548,49,25,52.0,28.0,861,4766,2276,42,44,7,19,15,1131,67,14,20,0,55,88,12,8,60.0
Łukasz Fabiański,plPOL,GK,West Ham,39-351,13,12,"1,070",0,0,2,0,0.0,0.0,0,0,0,0.00,0.00,0.00,0.00,1.68,74.6,16.7,0.0,N/a,0.00,N/a,N/a,304,67.0,8756,100.0,99.3,41.3,0,4,0,0,0,3,0.25,0,0.00,0,0,1,1,0,0,0,0,488,382,483,5,0,0,2,100.0,0.0,258,1371,845,0,0,0,0,0,227,0,2,1,0,0,5,2,1,66.7
